<?xml version="1.0" encoding="UTF-8"?>
<kml xmlns="http://www.opengis.net/kml/2.2">
  <Document>
    <name>CNX</name>
    <Style id="poly-0288D1-1-102-nodesc-normal">
      <LineStyle>
        <color>ffd18802</color>
        <width>0.001</width>
      </LineStyle>
      <PolyStyle>
        <color>66d18802</color>
        <fill>1</fill>
        <outline>1</outline>
      </PolyStyle>
      <BalloonStyle>
        <text><![CDATA[<h3>$[name]</h3>]]></text>
      </BalloonStyle>
    </Style>
    <Style id="poly-0288D1-1-102-nodesc-highlight">
      <LineStyle>
        <color>ffd18802</color>
        <width>0.0015</width>
      </LineStyle>
      <PolyStyle>
        <color>66d18802</color>
        <fill>1</fill>
        <outline>1</outline>
      </PolyStyle>
      <BalloonStyle>
        <text><![CDATA[<h3>$[name]</h3>]]></text>
      </BalloonStyle>
    </Style>
    <StyleMap id="poly-0288D1-1-102-nodesc">
      <Pair>
        <key>normal</key>
        <styleUrl>#poly-0288D1-1-102-nodesc-normal</styleUrl>
      </Pair>
      <Pair>
        <key>highlight</key>
        <styleUrl>#poly-0288D1-1-102-nodesc-highlight</styleUrl>
      </Pair>
    </StyleMap>
    <Style id="poly-0288D1-1-112-nodesc-normal">
      <LineStyle>
        <color>ffd18802</color>
        <width>0.001</width>
      </LineStyle>
      <PolyStyle>
        <color>70d18802</color>
        <fill>1</fill>
        <outline>1</outline>
      </PolyStyle>
      <BalloonStyle>
        <text><![CDATA[<h3>$[name]</h3>]]></text>
      </BalloonStyle>
    </Style>
    <Style id="poly-0288D1-1-112-nodesc-highlight">
      <LineStyle>
        <color>ffd18802</color>
        <width>0.0015</width>
      </LineStyle>
      <PolyStyle>
        <color>70d18802</color>
        <fill>1</fill>
        <outline>1</outline>
      </PolyStyle>
      <BalloonStyle>
        <text><![CDATA[<h3>$[name]</h3>]]></text>
      </BalloonStyle>
    </Style>
    <StyleMap id="poly-0288D1-1-112-nodesc">
      <Pair>
        <key>normal</key>
        <styleUrl>#poly-0288D1-1-112-nodesc-normal</styleUrl>
      </Pair>
      <Pair>
        <key>highlight</key>
        <styleUrl>#poly-0288D1-1-112-nodesc-highlight</styleUrl>
      </Pair>
    </StyleMap>
    <Style id="poly-0288D1-1-97-nodesc-normal">
      <LineStyle>
        <color>ffd18802</color>
        <width>0.001</width>
      </LineStyle>
      <PolyStyle>
        <color>61d18802</color>
        <fill>1</fill>
        <outline>1</outline>
      </PolyStyle>
      <BalloonStyle>
        <text><![CDATA[<h3>$[name]</h3>]]></text>
      </BalloonStyle>
    </Style>
    <Style id="poly-0288D1-1-97-nodesc-highlight">
      <LineStyle>
        <color>ffd18802</color>
        <width>0.0015</width>
      </LineStyle>
      <PolyStyle>
        <color>61d18802</color>
        <fill>1</fill>
        <outline>1</outline>
      </PolyStyle>
      <BalloonStyle>
        <text><![CDATA[<h3>$[name]</h3>]]></text>
      </BalloonStyle>
    </Style>
    <StyleMap id="poly-0288D1-1-97-nodesc">
      <Pair>
        <key>normal</key>
        <styleUrl>#poly-0288D1-1-97-nodesc-normal</styleUrl>
      </Pair>
      <Pair>
        <key>highlight</key>
        <styleUrl>#poly-0288D1-1-97-nodesc-highlight</styleUrl>
      </Pair>
    </StyleMap>
    <Style id="poly-0288D1-1-99-nodesc-normal">
      <LineStyle>
        <color>ffd18802</color>
        <width>0.001</width>
      </LineStyle>
      <PolyStyle>
        <color>63d18802</color>
        <fill>1</fill>
        <outline>1</outline>
      </PolyStyle>
      <BalloonStyle>
        <text><![CDATA[<h3>$[name]</h3>]]></text>
      </BalloonStyle>
    </Style>
    <Style id="poly-0288D1-1-99-nodesc-highlight">
      <LineStyle>
        <color>ffd18802</color>
        <width>0.0015</width>
      </LineStyle>
      <PolyStyle>
        <color>63d18802</color>
        <fill>1</fill>
        <outline>1</outline>
      </PolyStyle>
      <BalloonStyle>
        <text><![CDATA[<h3>$[name]</h3>]]></text>
      </BalloonStyle>
    </Style>
    <StyleMap id="poly-0288D1-1-99-nodesc">
      <Pair>
        <key>normal</key>
        <styleUrl>#poly-0288D1-1-99-nodesc-normal</styleUrl>
      </Pair>
      <Pair>
        <key>highlight</key>
        <styleUrl>#poly-0288D1-1-99-nodesc-highlight</styleUrl>
      </Pair>
    </StyleMap>
    <Placemark>
      <name>Polygon 1</name>
      <styleUrl>#poly-0288D1-1-99-nodesc</styleUrl>
      <Polygon>
        <outerBoundaryIs>
          <LinearRing>
            <tessellate>1</tessellate>
            <coordinates>
              98.9987256,18.8177526,0
              98.9988018,18.8177178,0
              98.9988809,18.8176632,0
              98.9991347,18.8174903,0
              98.9995209,18.8171145,0
              98.9998642,18.8166982,0
              99.000229,18.8162209,0
              99.0005187,18.8157537,0
              99.0006903,18.8154084,0
              99.0007548,18.8153315,0
              99.0007521,18.8152795,0
              99.000728,18.8152147,0
              99.0007119,18.8151665,0
              99.000685,18.815111,0
              99.0006529,18.8150548,0
              99.0006113,18.8150307,0
              99.0005845,18.8150078,0
              99.0005577,18.81499,0
              99.000534,18.814987,0
              99.00287,18.8104097,0
              99.0029156,18.8103589,0
              99.0048629,18.8102218,0
              99.0056568,18.8101609,0
              99.0064937,18.8101406,0
              99.0069443,18.8101152,0
              99.0081245,18.8100492,0
              99.0088433,18.8099781,0
              99.0095568,18.8099679,0
              99.0100181,18.8099679,0
              99.0102702,18.8098969,0
              99.0105814,18.8099527,0
              99.010715,18.810046,0
              99.0107155,18.8101812,0
              99.0106726,18.8103996,0
              99.0106833,18.8105519,0
              99.010694,18.8108312,0
              99.0107369,18.8111155,0
              99.0107423,18.8114507,0
              99.0107906,18.8117452,0
              99.0107745,18.8119839,0
              99.0107852,18.8122784,0
              99.0108067,18.8126135,0
              99.0108335,18.8129233,0
              99.0108711,18.8132736,0
              99.011429,18.822543,0
              99.0112846,18.8227676,0
              99.0110056,18.8229808,0
              99.010555,18.8231839,0
              99.0096753,18.8234276,0
              99.0089993,18.8236409,0
              99.0086131,18.8239557,0
              99.0077012,18.8245751,0
              99.0074329,18.8250626,0
              99.0071647,18.8255703,0
              99.0069716,18.8258851,0
              99.0066605,18.826271,0
              99.0063708,18.8266569,0
              99.0061347,18.8271951,0
              99.0052218,18.8291234,0
              99.004621,18.8304029,0
              99.0040417,18.8314792,0
              99.0035267,18.8325556,0
              99.0030332,18.8336117,0
              99.0029045,18.8338607,0
              99.00279,18.834096,0
              99.0025558,18.8342821,0
              99.0024432,18.8343481,0
              99.002293,18.8343786,0
              99.002071,18.83435,0
              99.001837,18.8342059,0
              99.0016224,18.8340942,0
              99.0014025,18.8339521,0
              99.001256,18.833858,0
              99.0010753,18.8337439,0
              99.0008607,18.8335865,0
              99.000571,18.8334444,0
              99.0003457,18.8333123,0
              99.000194,18.833208,0
              99.0000238,18.8331956,0
              98.999807,18.833157,0
              98.9997073,18.8332108,0
              98.9994176,18.8333377,0
              98.9989563,18.8335561,0
              98.9984306,18.8337896,0
              98.9981892,18.8339267,0
              98.9978244,18.8341856,0
              98.997583,18.834409,0
              98.9974221,18.8345664,0
              98.9972826,18.834673,0
              98.9971592,18.8347441,0
              98.9968856,18.8348457,0
              98.996655,18.8348812,0
              98.9963492,18.834932,0
              98.9961507,18.8349421,0
              98.9959361,18.8349117,0
              98.9956733,18.834805,0
              98.9954641,18.8347035,0
              98.9953139,18.8346223,0
              98.9951422,18.8345613,0
              98.9950188,18.8344953,0
              98.9949625,18.8344573,0
              98.9948659,18.83447,0
              98.9947426,18.8345486,0
              98.9945521,18.8347441,0
              98.9943751,18.8349878,0
              98.9942759,18.8351224,0
              98.9942195,18.835196,0
              98.9941391,18.8353077,0
              98.9940479,18.8354143,0
              98.993942,18.835517,0
              98.9938843,18.8355996,0
              98.9938521,18.8356555,0
              98.9938547,18.8357088,0
              98.9939272,18.8357697,0
              98.994046,18.835894,0
              98.9942142,18.8359677,0
              98.9943429,18.8360464,0
              98.9944636,18.8361023,0
              98.9946165,18.836186,0
              98.994813,18.836305,0
              98.994883,18.836498,0
              98.994899,18.836803,0
              98.994867,18.837154,0
              98.994733,18.837376,0
              98.9945841,18.8375633,0
              98.994357,18.837767,0
              98.994116,18.837864,0
              98.993992,18.838026,0
              98.9939296,18.8382538,0
              98.9938974,18.8385482,0
              98.993928,18.838757,0
              98.9940262,18.8390052,0
              98.994112,18.8392184,0
              98.994384,18.839372,0
              98.9943909,18.8395027,0
              98.9944929,18.8396499,0
              98.9944875,18.8398378,0
              98.9944285,18.8401221,0
              98.9943534,18.8403049,0
              98.9942139,18.8405283,0
              98.9940959,18.8406806,0
              98.9940047,18.8407567,0
              98.993833,18.8408634,0
              98.9936721,18.8409598,0
              98.9935058,18.8410207,0
              98.993391,18.841046,0
              98.9932269,18.8410106,0
              98.9930337,18.84097,0
              98.9928782,18.8409141,0
              98.9927012,18.840843,0
              98.992555,18.840798,0
              98.9924383,18.8408075,0
              98.992335,18.840834,0
              98.9921486,18.8408989,0
              98.9920038,18.84097,0
              98.9918589,18.8411324,0
              98.9918107,18.8413051,0
              98.9916605,18.841564,0
              98.9915103,18.8417772,0
              98.991476,18.842007,0
              98.991535,18.842301,0
              98.9915746,18.8425235,0
              98.991691,18.842712,0
              98.9917329,18.8428307,0
              98.9917007,18.8429728,0
              98.99158,18.8431658,0
              98.99145,18.843342,0
              98.9912957,18.8434907,0
              98.991116,18.8436582,0
              98.9909014,18.8438257,0
              98.9907619,18.8439577,0
              98.9906788,18.8440288,0
              98.9905983,18.844072,0
              98.9904214,18.844145,0
              98.9902444,18.844211,0
              98.9900834,18.8443074,0
              98.9899279,18.8444953,0
              98.9897777,18.8447288,0
              98.9896006,18.8448963,0
              98.9894451,18.8450283,0
              98.9892412,18.8451908,0
              98.9890803,18.8453736,0
              98.9889354,18.8455005,0
              98.9887745,18.845602,0
              98.9885707,18.8456934,0
              98.9884366,18.8457594,0
              98.988295,18.845859,0
              98.9880932,18.8459879,0
              98.9879699,18.8461249,0
              98.9878787,18.8462417,0
              98.9877875,18.8464092,0
              98.9876748,18.8466986,0
              98.9875675,18.8469728,0
              98.9874871,18.8471555,0
              98.9874656,18.8475261,0
              98.9874012,18.8478409,0
              98.9873637,18.8480643,0
              98.987339,18.848283,0
              98.9873208,18.8485313,0
              98.9873583,18.848775,0
              98.9873851,18.8489527,0
              98.9874334,18.8492015,0
              98.9874334,18.8494655,0
              98.9874066,18.8497244,0
              98.9872778,18.8500036,0
              98.987133,18.8502777,0
              98.9869613,18.850496,0
              98.9867092,18.8507092,0
              98.9864195,18.8509072,0
              98.9861352,18.8511103,0
              98.9859831,18.8513325,0
              98.9857149,18.8516066,0
              98.9853501,18.85183,0
              98.9848458,18.8519823,0
              98.9844811,18.8521651,0
              98.9838588,18.8523478,0
              98.9833545,18.8526829,0
              98.9824533,18.8531093,0
              98.9818418,18.8532718,0
              98.9814341,18.8536982,0
              98.9811229,18.8539723,0
              98.980847,18.854219,0
              98.9808547,18.8547034,0
              98.9809084,18.8551704,0
              98.9811015,18.8555359,0
              98.9812839,18.8560842,0
              98.9814877,18.8564091,0
              98.9817023,18.8566426,0
              98.9821207,18.8568863,0
              98.9826786,18.8569472,0
              98.9830327,18.8571401,0
              98.983562,18.857339,0
              98.9839875,18.8575665,0
              98.9842879,18.8578508,0
              98.9844274,18.8582772,0
              98.9843952,18.8587037,0
              98.984421,18.859106,0
              98.9841592,18.8594651,0
              98.9839768,18.8601454,0
              98.983798,18.860649,0
              98.9835691,18.8610388,0
              98.9833116,18.8616886,0
              98.9832365,18.8621048,0
              98.9832043,18.8626937,0
              98.9830005,18.8633029,0
              98.9829576,18.8639222,0
              98.982811,18.864304,0
              98.9827108,18.8647344,0
              98.9826679,18.8651912,0
              98.98262,18.865454,0
              98.9823997,18.8657699,0
              98.982232,18.86599,0
              98.982134,18.86624,0
              98.97589,18.866445,0
              98.9758137,18.8662742,0
              98.9757225,18.8659494,0
              98.9756206,18.8657869,0
              98.9752934,18.8656245,0
              98.9749661,18.865391,0
              98.9745799,18.8651575,0
              98.9740703,18.8648529,0
              98.9723751,18.863731,0
              98.9719567,18.8634366,0
              98.9714095,18.863061,0
              98.9710876,18.8628071,0
              98.9707872,18.8625533,0
              98.970611,18.862435,0
              98.970427,18.8623233,0
              98.9703036,18.8622726,0
              98.9702231,18.8622167,0
              98.9701722,18.8621507,0
              98.9701266,18.8620594,0
              98.9700836,18.8619477,0
              98.9700729,18.8618715,0
              98.9700836,18.8617802,0
              98.9701453,18.8617015,0
              98.9701963,18.8616634,0
              98.9702875,18.8616126,0
              98.9704055,18.861572,0
              98.9705182,18.8615365,0
              98.9706362,18.8614857,0
              98.9707381,18.86144,0
              98.9709151,18.8613715,0
              98.9711565,18.8613284,0
              98.9714703,18.8612268,0
              98.9717573,18.8611456,0
              98.9719612,18.8610872,0
              98.9722079,18.8610136,0
              98.9723689,18.8609705,0
              98.9725218,18.8609197,0
              98.9726907,18.860869,0
              98.9728249,18.860808,0
              98.9729482,18.8607471,0
              98.9730394,18.8606989,0
              98.9731306,18.8606557,0
              98.973313,18.8605466,0
              98.9734364,18.8604831,0
              98.973482,18.8604324,0
              98.9735678,18.8603004,0
              98.9736134,18.8602065,0
              98.9736751,18.86011,0
              98.9737127,18.860006,0
              98.9737502,18.8599146,0
              98.9737958,18.8597496,0
              98.9738602,18.8595821,0
              98.9739085,18.859412,0
              98.973955,18.859267,0
              98.9740126,18.8590392,0
              98.9740609,18.8588767,0
              98.9741038,18.8587194,0
              98.9741575,18.8585265,0
              98.9741897,18.8583589,0
              98.9742272,18.8581965,0
              98.9742701,18.8580239,0
              98.9742916,18.8578716,0
              98.9743211,18.8577929,0
              98.9743372,18.8577193,0
              98.9743774,18.8576432,0
              98.9744042,18.8575899,0
              98.9744203,18.8575289,0
              98.9744525,18.857468,0
              98.9744847,18.8574147,0
              98.9745249,18.8573766,0
              98.9745732,18.8573462,0
              98.9746564,18.8573208,0
              98.9747583,18.8573157,0
              98.9749031,18.857331,0
              98.975056,18.8573335,0
              98.9752277,18.8573563,0
              98.9753564,18.8573817,0
              98.9754503,18.8574401,0
              98.9755361,18.857501,0
              98.9756354,18.8575619,0
              98.9756863,18.8575873,0
              98.9757561,18.8576203,0
              98.975779,18.857642,0
              98.9758365,18.8576965,0
              98.9758955,18.8577828,0
              98.9759143,18.857831,0
              98.9759653,18.8578995,0
              98.9760216,18.8579655,0
              98.9760752,18.8580417,0
              98.9761262,18.8580975,0
              98.9761584,18.858133,0
              98.9762013,18.8581686,0
              98.976255,18.858227,0
              98.9763301,18.8582549,0
              98.9763944,18.8582701,0
              98.9765205,18.8582853,0
              98.9766492,18.8582904,0
              98.9767378,18.8583006,0
              98.9768289,18.8583107,0
              98.97692,18.858313,0
              98.9770274,18.8583539,0
              98.9773439,18.8584503,0
              98.977606,18.858536,0
              98.9778911,18.8585569,0
              98.9782612,18.8586026,0
              98.9786099,18.8586026,0
              98.9789157,18.8586026,0
              98.9792912,18.8586229,0
              98.9795594,18.858562,0
              98.9802139,18.8582371,0
              98.9804928,18.8580696,0
              98.9805787,18.8579173,0
              98.9806162,18.8576482,0
              98.980627,18.8573538,0
              98.9806216,18.8571457,0
              98.9805411,18.8568512,0
              98.9804446,18.8566329,0
              98.9803963,18.85644,0
              98.9803534,18.8562624,0
              98.9802675,18.8560491,0
              98.9802085,18.8558359,0
              98.9801066,18.8556176,0
              98.9800798,18.8553993,0
              98.9800315,18.8550846,0
              98.9800154,18.8548105,0
              98.9799725,18.8545516,0
              98.9799671,18.854115,0
              98.9799564,18.8537799,0
              98.9798974,18.8534905,0
              98.9798598,18.8532367,0
              98.9798223,18.8529524,0
              98.9798223,18.8527138,0
              98.9798491,18.8522975,0
              98.9799403,18.8519473,0
              98.9800208,18.8517594,0
              98.9801656,18.8515868,0
              98.9802354,18.8513939,0
              98.9802354,18.8512264,0
              98.9802568,18.8508101,0
              98.9803587,18.8503227,0
              98.9804016,18.850074,0
              98.9804231,18.8498557,0
              98.9804607,18.8496475,0
              98.9804285,18.8493835,0
              98.9804392,18.8489723,0
              98.9804177,18.8486372,0
              98.980396,18.848302,0
              98.9803265,18.847896,0
              98.9802354,18.8475102,0
              98.9801763,18.8471751,0
              98.9801602,18.8468959,0
              98.9800851,18.846637,0
              98.980053,18.846434,0
              98.9799403,18.8462055,0
              98.9798491,18.8460075,0
              98.979774,18.8458602,0
              98.979727,18.845682,0
              98.9796238,18.8455505,0
              98.9795219,18.8453729,0
              98.9794414,18.8452916,0
              98.9793127,18.8450936,0
              98.9792483,18.8448398,0
              98.9792268,18.8446113,0
              98.9792858,18.8444032,0
              98.9795219,18.8442052,0
              98.9797418,18.8440833,0
              98.9799993,18.8439615,0
              98.9802354,18.8438346,0
              98.9804124,18.8437635,0
              98.980686,18.843733,0
              98.9810829,18.8436518,0
              98.9814316,18.8435858,0
              98.98185,18.8434589,0
              98.9820485,18.8434081,0
              98.982306,18.8433675,0
              98.9825206,18.8434081,0
              98.9827566,18.8434893,0
              98.9830034,18.8435655,0
              98.9832555,18.843596,0
              98.9834969,18.8435909,0
              98.9836739,18.8435401,0
              98.983851,18.8435046,0
              98.9841514,18.8432913,0
              98.9843552,18.8431187,0
              98.9845269,18.8427024,0
              98.9846664,18.8423064,0
              98.9847522,18.8419713,0
              98.9847522,18.8414941,0
              98.9846234,18.8411286,0
              98.9843123,18.8407122,0
              98.9838832,18.8404889,0
              98.9835076,18.840235,0
              98.9831321,18.8399913,0
              98.9826493,18.8397984,0
              98.9820914,18.8396258,0
              98.9818018,18.8394735,0
              98.981673,18.8392298,0
              98.9815765,18.8389962,0
              98.9814906,18.8386814,0
              98.9814477,18.8383159,0
              98.9815335,18.8378894,0
              98.9817481,18.837534,0
              98.9820271,18.8369654,0
              98.9822095,18.8366303,0
              98.9824385,18.8364238,0
              98.9824814,18.8363222,0
              98.9825565,18.8361928,0
              98.9825565,18.8360607,0
              98.9825002,18.8359643,0
              98.9823714,18.8357637,0
              98.982299,18.8356571,0
              98.9822298,18.8353817,0
              98.9821762,18.8350771,0
              98.9821332,18.8347318,0
              98.982026,18.8345287,0
              98.9817363,18.8343866,0
              98.981511,18.8341733,0
              98.981143,18.83399,0
              98.9807921,18.8338789,0
              98.9806527,18.8337265,0
              98.9805561,18.8335742,0
              98.9805561,18.8332391,0
              98.9805561,18.8328837,0
              98.9805347,18.8325283,0
              98.98051,18.832254,0
              98.9805347,18.8321018,0
              98.9805132,18.8318886,0
              98.9804917,18.8316246,0
              98.9805239,18.8313098,0
              98.980467,18.831056,0
              98.9804488,18.830863,0
              98.980414,18.830751,0
              98.9803952,18.8304974,0
              98.9804435,18.8304263,0
              98.9806044,18.8303552,0
              98.9807975,18.8303349,0
              98.9809745,18.8303197,0
              98.9811033,18.8302334,0
              98.981154,18.83002,0
              98.9811389,18.829995,0
              98.9811174,18.8299722,0
              98.9810839,18.8299506,0
              98.9810423,18.8299297,0
              98.9810048,18.829917,0
              98.98095,18.829908,0
              98.9809129,18.8298948,0
              98.9808445,18.8298732,0
              98.98076,18.8298186,0
              98.980701,18.8297704,0
              98.9806433,18.8296929,0
              98.9805682,18.8295876,0
              98.9805106,18.8294975,0
              98.980465,18.8294238,0
              98.9804328,18.8293718,0
              98.9803926,18.8293375,0
              98.9803738,18.8292741,0
              98.9803872,18.8292207,0
              98.9804234,18.8291649,0
              98.9804663,18.829104,0
              98.9806554,18.8289098,0
              98.9807198,18.8288222,0
              98.9808391,18.8287257,0
              98.9809384,18.8286495,0
              98.9811,18.828466,0
              98.9812918,18.8282654,0
              98.9815225,18.8280115,0
              98.981796,18.8278389,0
              98.9820589,18.8276917,0
              98.982311,18.8275698,0
              98.9826329,18.8273362,0
              98.9828421,18.827123,0
              98.983046,18.8269605,0
              98.983235,18.82678,0
              98.9833839,18.8266914,0
              98.9835556,18.8266254,0
              98.9837272,18.8265822,0
              98.9838855,18.8265467,0
              98.9840357,18.826501,0
              98.9842529,18.8264426,0
              98.9844058,18.8263893,0
              98.9844595,18.8263461,0
              98.9845614,18.8262217,0
              98.9846687,18.8260694,0
              98.9847921,18.8259476,0
              98.9849047,18.8258409,0
              98.984941,18.825795,0
              98.9851514,18.8254798,0
              98.9853124,18.8250635,0
              98.985629,18.824598,0
              98.9856341,18.8243867,0
              98.9856234,18.8242496,0
              98.9855858,18.8239856,0
              98.9855483,18.8238231,0
              98.9855161,18.82362,0
              98.9854785,18.8234474,0
              98.9854732,18.8232798,0
              98.985458,18.823136,0
              98.9854718,18.8230802,0
              98.9854946,18.823018,0
              98.9855093,18.8229723,0
              98.9855268,18.8229368,0
              98.9855482,18.8228961,0
              98.9855657,18.8228339,0
              98.9855911,18.8227768,0
              98.9856206,18.8227007,0
              98.9856461,18.822641,0
              98.9856636,18.8225928,0
              98.9856823,18.8225407,0
              98.9857011,18.8224925,0
              98.9857226,18.8224455,0
              98.9857481,18.8223706,0
              98.9857735,18.8223148,0
              98.9858004,18.8222602,0
              98.9858486,18.8221942,0
              98.9858808,18.8221472,0
              98.9859184,18.8220952,0
              98.9859626,18.8220368,0
              98.9860002,18.8219822,0
              98.9860565,18.8219213,0
              98.9861008,18.8218603,0
              98.9862012,18.8217442,0
              98.986294,18.821592,0
              98.9865123,18.8214497,0
              98.986743,18.8213481,0
              98.9870702,18.8212364,0
              98.9872634,18.8211755,0
              98.9874994,18.8210841,0
              98.9877354,18.8210029,0
              98.9878258,18.8209785,0
              98.9878781,18.8209506,0
              98.9879183,18.8209226,0
              98.9879371,18.820882,0
              98.9879505,18.8208224,0
              98.987968,18.8207551,0
              98.9879827,18.8206992,0
              98.9879787,18.8206472,0
              98.9879639,18.8205786,0
              98.9879572,18.820519,0
              98.9879546,18.8204593,0
              98.9879358,18.8204009,0
              98.9879331,18.8203552,0
              98.9879036,18.8203019,0
              98.9878781,18.8202257,0
              98.987866,18.8201927,0
              98.9878352,18.8201305,0
              98.9878084,18.8200594,0
              98.9877789,18.8199731,0
              98.987752,18.8199325,0
              98.9877266,18.8198868,0
              98.9877051,18.8198475,0
              98.9876622,18.8197624,0
              98.9876327,18.8197256,0
              98.9875831,18.8196672,0
              98.9875093,18.8195948,0
              98.9874852,18.8195491,0
              98.9874369,18.8195034,0
              98.9873457,18.8194171,0
              98.9873189,18.8193905,0
              98.9872813,18.8193498,0
              98.987225,18.8192876,0
              98.9871968,18.8192267,0
              98.9871257,18.8191315,0
              98.98706,18.8190642,0
              98.986942,18.81895,0
              98.9868763,18.8188916,0
              98.9867905,18.8188103,0
              98.9867328,18.8187469,0
              98.9866912,18.8187139,0
              98.9866389,18.8186606,0
              98.9866,18.8186187,0
              98.9865585,18.8185768,0
              98.9865035,18.8185209,0
              98.9864659,18.818479,0
              98.9864123,18.8184257,0
              98.9863734,18.8183762,0
              98.9863439,18.8183445,0
              98.9862969,18.8182734,0
              98.9862567,18.818215,0
              98.9862245,18.8181566,0
              98.9861722,18.8180855,0
              98.9861065,18.8179992,0
              98.9859492,18.8177479,0
              98.9857131,18.8174636,0
              98.9854449,18.8170878,0
              98.9852196,18.8166918,0
              98.9850265,18.8163262,0
              98.9848441,18.8159402,0
              98.9847475,18.8155747,0
              98.9847368,18.8151989,0
              98.9846617,18.8148942,0
              98.9846724,18.8147724,0
              98.9847,18.814621,0
              98.984828,18.8144322,0
              98.9849621,18.8141681,0
              98.9851069,18.8138838,0
              98.9852786,18.8136806,0
              98.9854234,18.8135385,0
              98.9856595,18.8133353,0
              98.9859116,18.8130967,0
              98.9860725,18.8130459,0
              98.9863247,18.8129799,0
              98.9865768,18.8129037,0
              98.9868182,18.8128174,0
              98.987131,18.812716,0
              98.9873707,18.812726,0
              98.987757,18.812726,0
              98.9880037,18.8127311,0
              98.9883041,18.8127209,0
              98.9884973,18.8127108,0
              98.9886582,18.81266,0
              98.9888567,18.8125787,0
              98.9890023,18.8125198,0
              98.989191,18.812402,0
              98.9893617,18.8123269,0
              98.9896621,18.8122456,0
              98.9901342,18.8121796,0
              98.9905419,18.8121187,0
              98.991014,18.8120527,0
              98.9914968,18.8119714,0
              98.9924892,18.8118241,0
              98.9930256,18.8117683,0
              98.9933743,18.8117023,0
              98.993782,18.811616,0
              98.9941307,18.8115855,0
              98.9944472,18.8115296,0
              98.9948334,18.8114789,0
              98.9952089,18.811423,0
              98.9955684,18.8113773,0
              98.9959439,18.8113062,0
              98.9964481,18.8112453,0
              98.9969846,18.811164,0
              98.9974566,18.8110422,0
              98.9979823,18.8110015,0
              98.9984544,18.8109,0
              98.9990445,18.8108492,0
              98.9994951,18.8107578,0
              98.9999457,18.8107172,0
              99.00045,18.8105953,0
              99.000804,18.8105851,0
              99.001221,18.810528,0
              99.0017079,18.8105124,0
              99.0022121,18.8104717,0
              99.0025662,18.8104108,0
              99.002889,18.810363,0
              99.000525,18.815002,0
              99.0004366,18.8149721,0
              99.00029,18.814932,0
              99.0001684,18.8149467,0
              99.000104,18.815066,0
              99.0000129,18.8152362,0
              98.999945,18.815427,0
              98.9998197,18.8155967,0
              98.999708,18.8158098,0
              98.9996114,18.8159443,0
              98.9995149,18.8160662,0
              98.9994129,18.8161982,0
              98.9993298,18.8162998,0
              98.9992145,18.8164369,0
              98.9990964,18.816574,0
              98.9989892,18.8166654,0
              98.9988819,18.8167923,0
              98.9987934,18.8168507,0
              98.998624,18.817026,0
              98.9984903,18.8171122,0
              98.9983991,18.8171985,0
              98.9983926,18.8172299,0
              98.9984382,18.8172807,0
              98.9985454,18.8173264,0
              98.998642,18.8173899,0
              98.9987225,18.8174838,0
              98.9987439,18.8176361,0
              98.9987359,18.8177301,0
              98.9987256,18.8177526,0
            </coordinates>
          </LinearRing>
        </outerBoundaryIs>
        <innerBoundaryIs>
          <LinearRing>
            <tessellate>1</tessellate>
            <coordinates>
              98.9968938,18.8195537,0
              98.9968646,18.8195762,0
              98.9969236,18.8195265,0
              98.9968938,18.8195537,0
            </coordinates>
          </LinearRing>
        </innerBoundaryIs>
        <innerBoundaryIs>
          <LinearRing>
            <tessellate>1</tessellate>
            <coordinates>
              98.996853,18.819586,0
              98.9967999,18.8196261,0
              98.9968646,18.8195762,0
              98.996853,18.819586,0
            </coordinates>
          </LinearRing>
        </innerBoundaryIs>
        <innerBoundaryIs>
          <LinearRing>
            <tessellate>1</tessellate>
            <coordinates>
              98.9965996,18.8197872,0
              98.996625,18.8197586,0
              98.9966585,18.8197332,0
              98.9965996,18.8197872,0
            </coordinates>
          </LinearRing>
        </innerBoundaryIs>
        <innerBoundaryIs>
          <LinearRing>
            <tessellate>1</tessellate>
            <coordinates>
              98.9965241,18.8198721,0
              98.9965773,18.8198076,0
              98.9965996,18.8197872,0
              98.9965241,18.8198721,0
            </coordinates>
          </LinearRing>
        </innerBoundaryIs>
        <innerBoundaryIs>
          <LinearRing>
            <tessellate>1</tessellate>
            <coordinates>
              98.996345,18.8200914,0
              98.9963943,18.8200227,0
              98.9964161,18.819998,0
              98.996345,18.8200914,0
            </coordinates>
          </LinearRing>
        </innerBoundaryIs>
        <innerBoundaryIs>
          <LinearRing>
            <tessellate>1</tessellate>
            <coordinates>
              98.9963205,18.8201255,0
              98.9963117,18.8201351,0
              98.996345,18.8200914,0
              98.9963205,18.8201255,0
            </coordinates>
          </LinearRing>
        </innerBoundaryIs>
        <innerBoundaryIs>
          <LinearRing>
            <tessellate>1</tessellate>
            <coordinates>
              98.9960751,18.8203806,0
              98.9960492,18.8203979,0
              98.9961138,18.8203425,0
              98.9960751,18.8203806,0
            </coordinates>
          </LinearRing>
        </innerBoundaryIs>
        <innerBoundaryIs>
          <LinearRing>
            <tessellate>1</tessellate>
            <coordinates>
              98.9959154,18.8204873,0
              98.9959236,18.8204809,0
              98.9959483,18.8204654,0
              98.9959154,18.8204873,0
            </coordinates>
          </LinearRing>
        </innerBoundaryIs>
        <innerBoundaryIs>
          <LinearRing>
            <tessellate>1</tessellate>
            <coordinates>
              98.994947,18.821621,0
              98.9949458,18.8216625,0
              98.9949202,18.8215986,0
              98.994947,18.821621,0
            </coordinates>
          </LinearRing>
        </innerBoundaryIs>
        <innerBoundaryIs>
          <LinearRing>
            <tessellate>1</tessellate>
            <coordinates>
              98.994566,18.822405,0
              98.9946119,18.8223344,0
              98.994646,18.8222843,0
              98.994566,18.822405,0
            </coordinates>
          </LinearRing>
        </innerBoundaryIs>
        <innerBoundaryIs>
          <LinearRing>
            <tessellate>1</tessellate>
            <coordinates>
              98.9940228,18.8315298,0
              98.9938822,18.831606,0
              98.9941016,18.8314763,0
              98.9940228,18.8315298,0
            </coordinates>
          </LinearRing>
        </innerBoundaryIs>
        <innerBoundaryIs>
          <LinearRing>
            <tessellate>1</tessellate>
            <coordinates>
              98.9929499,18.8322076,0
              98.9928804,18.832239,0
              98.992964,18.8321998,0
              98.9929499,18.8322076,0
            </coordinates>
          </LinearRing>
        </innerBoundaryIs>
        <innerBoundaryIs>
          <LinearRing>
            <tessellate>1</tessellate>
            <coordinates>
              98.9927444,18.8323028,0
              98.9927702,18.8322888,0
              98.9928804,18.832239,0
              98.9927444,18.8323028,0
            </coordinates>
          </LinearRing>
        </innerBoundaryIs>
        <innerBoundaryIs>
          <LinearRing>
            <tessellate>1</tessellate>
            <coordinates>
              98.9921804,18.8327197,0
              98.9921989,18.8327026,0
              98.9922329,18.8326748,0
              98.9921804,18.8327197,0
            </coordinates>
          </LinearRing>
        </innerBoundaryIs>
        <innerBoundaryIs>
          <LinearRing>
            <tessellate>1</tessellate>
            <coordinates>
              98.9980626,18.8186364,0
              98.9980119,18.8186876,0
              98.9980896,18.8185975,0
              98.998125,18.8185549,0
              98.9980626,18.8186364,0
            </coordinates>
          </LinearRing>
        </innerBoundaryIs>
        <innerBoundaryIs>
          <LinearRing>
            <tessellate>1</tessellate>
            <coordinates>
              98.9980065,18.8186939,0
              98.9979023,18.818801,0
              98.9978892,18.8188116,0
              98.9980119,18.8186876,0
              98.9980065,18.8186939,0
            </coordinates>
          </LinearRing>
        </innerBoundaryIs>
        <innerBoundaryIs>
          <LinearRing>
            <tessellate>1</tessellate>
            <coordinates>
              98.9966585,18.8197332,0
              98.9966604,18.8197315,0
              98.9967114,18.8196908,0
              98.9967999,18.8196261,0
              98.9966585,18.8197332,0
            </coordinates>
          </LinearRing>
        </innerBoundaryIs>
        <innerBoundaryIs>
          <LinearRing>
            <tessellate>1</tessellate>
            <coordinates>
              98.9964774,18.8199287,0
              98.9964161,18.819998,0
              98.9964399,18.8199668,0
              98.9965241,18.8198721,0
              98.9964774,18.8199287,0
            </coordinates>
          </LinearRing>
        </innerBoundaryIs>
        <innerBoundaryIs>
          <LinearRing>
            <tessellate>1</tessellate>
            <coordinates>
              98.9962736,18.8201851,0
              98.9961276,18.8203289,0
              98.9962226,18.8202321,0
              98.9963117,18.8201351,0
              98.9962736,18.8201851,0
            </coordinates>
          </LinearRing>
        </innerBoundaryIs>
        <innerBoundaryIs>
          <LinearRing>
            <tessellate>1</tessellate>
            <coordinates>
              98.9960309,18.8204136,0
              98.9959598,18.8204581,0
              98.9959483,18.8204654,0
              98.9960492,18.8203979,0
              98.9960309,18.8204136,0
            </coordinates>
          </LinearRing>
        </innerBoundaryIs>
        <innerBoundaryIs>
          <LinearRing>
            <tessellate>1</tessellate>
            <coordinates>
              98.9958605,18.8205304,0
              98.9958588,18.8205308,0
              98.9958927,18.8205025,0
              98.9959154,18.8204873,0
              98.9958605,18.8205304,0
            </coordinates>
          </LinearRing>
        </innerBoundaryIs>
        <innerBoundaryIs>
          <LinearRing>
            <tessellate>1</tessellate>
            <coordinates>
              98.9955521,18.8206777,0
              98.9954273,18.8208077,0
              98.9956607,18.8205558,0
              98.9956621,18.8205548,0
              98.9955521,18.8206777,0
            </coordinates>
          </LinearRing>
        </innerBoundaryIs>
        <innerBoundaryIs>
          <LinearRing>
            <tessellate>1</tessellate>
            <coordinates>
              98.9949526,18.8216794,0
              98.9949526,18.8217886,0
              98.9949417,18.8218097,0
              98.9949458,18.8216625,0
              98.9949526,18.8216794,0
            </coordinates>
          </LinearRing>
        </innerBoundaryIs>
        <innerBoundaryIs>
          <LinearRing>
            <tessellate>1</tessellate>
            <coordinates>
              98.994941,18.821834,0
              98.994859,18.8219605,0
              98.9948962,18.8218977,0
              98.9949417,18.8218097,0
              98.994941,18.821834,0
            </coordinates>
          </LinearRing>
        </innerBoundaryIs>
        <innerBoundaryIs>
          <LinearRing>
            <tessellate>1</tessellate>
            <coordinates>
              98.995163,18.8306248,0
              98.9951225,18.8306667,0
              98.9949213,18.830824,0
              98.9948686,18.8308666,0
              98.995163,18.8306248,0
            </coordinates>
          </LinearRing>
        </innerBoundaryIs>
        <innerBoundaryIs>
          <LinearRing>
            <tessellate>1</tessellate>
            <coordinates>
              98.9944482,18.8225858,0
              98.9944698,18.8225527,0
              98.9944483,18.8226162,0
              98.9944458,18.8226445,0
              98.9944482,18.8225858,0
            </coordinates>
          </LinearRing>
        </innerBoundaryIs>
        <innerBoundaryIs>
          <LinearRing>
            <tessellate>1</tessellate>
            <coordinates>
              98.9944268,18.8230122,0
              98.9944376,18.8227355,0
              98.9944458,18.8226445,0
              98.9944291,18.8230461,0
              98.9944268,18.8230122,0
            </coordinates>
          </LinearRing>
        </innerBoundaryIs>
        <innerBoundaryIs>
          <LinearRing>
            <tessellate>1</tessellate>
            <coordinates>
              98.9946487,18.8310491,0
              98.9945538,18.8311388,0
              98.994409,18.8312531,0
              98.9943883,18.8312697,0
              98.9946487,18.8310491,0
            </coordinates>
          </LinearRing>
        </innerBoundaryIs>
        <innerBoundaryIs>
          <LinearRing>
            <tessellate>1</tessellate>
            <coordinates>
              98.9936201,18.8317611,0
              98.9936767,18.8317202,0
              98.993784,18.8316593,0
              98.9938822,18.831606,0
              98.9936201,18.8317611,0
            </coordinates>
          </LinearRing>
        </innerBoundaryIs>
        <innerBoundaryIs>
          <LinearRing>
            <tessellate>1</tessellate>
            <coordinates>
              98.9931001,18.832136,0
              98.992964,18.8321998,0
              98.9930464,18.8321543,0
              98.9931712,18.8320844,0
              98.9931001,18.832136,0
            </coordinates>
          </LinearRing>
        </innerBoundaryIs>
        <innerBoundaryIs>
          <LinearRing>
            <tessellate>1</tessellate>
            <coordinates>
              98.9986449,18.8178802,0
              98.9985738,18.8179678,0
              98.9985431,18.8180049,0
              98.9986205,18.8179053,0
              98.9986685,18.8178514,0
              98.9986449,18.8178802,0
            </coordinates>
          </LinearRing>
        </innerBoundaryIs>
        <innerBoundaryIs>
          <LinearRing>
            <tessellate>1</tessellate>
            <coordinates>
              98.9984489,18.8181261,0
              98.9983789,18.818219,0
              98.998406,18.818181,0
              98.998496,18.8180618,0
              98.9985431,18.8180049,0
              98.9984489,18.8181261,0
            </coordinates>
          </LinearRing>
        </innerBoundaryIs>
        <innerBoundaryIs>
          <LinearRing>
            <tessellate>1</tessellate>
            <coordinates>
              98.9957036,18.8205254,0
              98.9956621,18.8205548,0
              98.9956862,18.8205279,0
              98.9957345,18.8205203,0
              98.9957425,18.8205219,0
              98.9957036,18.8205254,0
            </coordinates>
          </LinearRing>
        </innerBoundaryIs>
        <innerBoundaryIs>
          <LinearRing>
            <tessellate>1</tessellate>
            <coordinates>
              98.9948345,18.8220018,0
              98.994738,18.8221491,0
              98.994646,18.8222843,0
              98.9947861,18.8220729,0
              98.994859,18.8219605,0
              98.9948345,18.8220018,0
            </coordinates>
          </LinearRing>
        </innerBoundaryIs>
        <innerBoundaryIs>
          <LinearRing>
            <tessellate>1</tessellate>
            <coordinates>
              98.9946692,18.8310297,0
              98.9948113,18.8309129,0
              98.9948686,18.8308666,0
              98.9947202,18.8309885,0
              98.9946487,18.8310491,0
              98.9946692,18.8310297,0
            </coordinates>
          </LinearRing>
        </innerBoundaryIs>
        <innerBoundaryIs>
          <LinearRing>
            <tessellate>1</tessellate>
            <coordinates>
              98.9941461,18.831446,0
              98.9943205,18.8313242,0
              98.9943883,18.8312697,0
              98.994244,18.831392,0
              98.9941016,18.8314763,0
              98.9941461,18.831446,0
            </coordinates>
          </LinearRing>
        </innerBoundaryIs>
        <innerBoundaryIs>
          <LinearRing>
            <tessellate>1</tessellate>
            <coordinates>
              98.998693,18.817824,0
              98.9986685,18.8178514,0
              98.998673,18.817846,0
              98.9987052,18.8177965,0
              98.998724,18.8177533,0
              98.9987256,18.8177526,0
              98.998693,18.817824,0
            </coordinates>
          </LinearRing>
        </innerBoundaryIs>
        <innerBoundaryIs>
          <LinearRing>
            <tessellate>1</tessellate>
            <coordinates>
              98.9983498,18.8182598,0
              98.9982197,18.818435,0
              98.998154,18.81852,0
              98.998125,18.8185549,0
              98.9981753,18.8184892,0
              98.9983789,18.818219,0
              98.9983498,18.8182598,0
            </coordinates>
          </LinearRing>
        </innerBoundaryIs>
        <innerBoundaryIs>
          <LinearRing>
            <tessellate>1</tessellate>
            <coordinates>
              98.9978615,18.8188396,0
              98.9975879,18.8190452,0
              98.9974953,18.8191092,0
              98.9976636,18.818985,0
              98.9977722,18.8189063,0
              98.9978892,18.8188116,0
              98.9978615,18.8188396,0
            </coordinates>
          </LinearRing>
        </innerBoundaryIs>
        <innerBoundaryIs>
          <LinearRing>
            <tessellate>1</tessellate>
            <coordinates>
              98.9920674,18.8328245,0
              98.9919789,18.8328956,0
              98.9918582,18.8330327,0
              98.9918455,18.8330502,0
              98.991925,18.832938,0
              98.9921804,18.8327197,0
              98.9920674,18.8328245,0
            </coordinates>
          </LinearRing>
        </innerBoundaryIs>
        <innerBoundaryIs>
          <LinearRing>
            <tessellate>1</tessellate>
            <coordinates>
              98.9917161,18.8332327,0
              98.9916489,18.8333142,0
              98.9916597,18.8332998,0
              98.9916912,18.8332618,0
              98.9917751,18.8331469,0
              98.9918455,18.8330502,0
              98.9917161,18.8332327,0
            </coordinates>
          </LinearRing>
        </innerBoundaryIs>
        <innerBoundaryIs>
          <LinearRing>
            <tessellate>1</tessellate>
            <coordinates>
              98.9958471,18.8205406,0
              98.995815,18.820536,0
              98.9957425,18.8205219,0
              98.995763,18.82052,0
              98.9957948,18.8205317,0
              98.995835,18.8205368,0
              98.9958588,18.8205308,0
              98.9958471,18.8205406,0
            </coordinates>
          </LinearRing>
        </innerBoundaryIs>
        <innerBoundaryIs>
          <LinearRing>
            <tessellate>1</tessellate>
            <coordinates>
              98.9952083,18.8305778,0
              98.9957248,18.8301952,0
              98.9959689,18.8300124,0
              98.9960259,18.8299714,0
              98.995811,18.8301397,0
              98.9952888,18.8305214,0
              98.995163,18.8306248,0
              98.9952083,18.8305778,0
            </coordinates>
          </LinearRing>
        </innerBoundaryIs>
        <innerBoundaryIs>
          <LinearRing>
            <tessellate>1</tessellate>
            <coordinates>
              98.994797,18.8214882,0
              98.994827,18.821514,0
              98.994916,18.821588,0
              98.9949202,18.8215986,0
              98.994793,18.821492,0
              98.9952866,18.8209544,0
              98.9954273,18.8208077,0
              98.994797,18.8214882,0
            </coordinates>
          </LinearRing>
        </innerBoundaryIs>
        <innerBoundaryIs>
          <LinearRing>
            <tessellate>1</tessellate>
            <coordinates>
              98.9935292,18.8318268,0
              98.9934166,18.8319131,0
              98.9932556,18.8320274,0
              98.9931779,18.8320807,0
              98.9931712,18.8320844,0
              98.9936044,18.8317704,0
              98.9936201,18.8317611,0
              98.9935292,18.8318268,0
            </coordinates>
          </LinearRing>
        </innerBoundaryIs>
        <innerBoundaryIs>
          <LinearRing>
            <tessellate>1</tessellate>
            <coordinates>
              98.9926575,18.8323498,0
              98.9925154,18.8324437,0
              98.9923732,18.8325605,0
              98.9922329,18.8326748,0
              98.9923169,18.8326031,0
              98.992601,18.83237,0
              98.9927444,18.8323028,0
              98.9926575,18.8323498,0
            </coordinates>
          </LinearRing>
        </innerBoundaryIs>
        <innerBoundaryIs>
          <LinearRing>
            <tessellate>1</tessellate>
            <coordinates>
              98.9969743,18.8194801,0
              98.997086,18.819399,0
              98.9972116,18.8193062,0
              98.9973471,18.8192097,0
              98.9974868,18.8191151,0
              98.9972794,18.8192585,0
              98.9970005,18.8194616,0
              98.9969236,18.8195265,0
              98.9969743,18.8194801,0
            </coordinates>
          </LinearRing>
        </innerBoundaryIs>
        <innerBoundaryIs>
          <LinearRing>
            <tessellate>1</tessellate>
            <coordinates>
              98.9962777,18.8297741,0
              98.9961,18.829807,0
              98.995929,18.8298097,0
              98.9957734,18.8298147,0
              98.9955428,18.8298401,0
              98.9952477,18.829835,0
              98.994899,18.8298249,0
              98.9945664,18.8298147,0
              98.9942767,18.8297487,0
              98.9938798,18.8296472,0
              98.9935901,18.8295761,0
              98.993514,18.829518,0
              98.9934667,18.8293425,0
              98.9934774,18.8291801,0
              98.9934882,18.8290328,0
              98.9934622,18.8288734,0
              98.9933657,18.8286703,0
              98.9933228,18.8284672,0
              98.9932798,18.8282235,0
              98.9932798,18.8280407,0
              98.993312,18.8278681,0
              98.9933764,18.8276599,0
              98.9934301,18.8275584,0
              98.9935159,18.8274264,0
              98.9936232,18.8272893,0
              98.9937144,18.8271674,0
              98.9938538,18.8270252,0
              98.9939611,18.8268831,0
              98.9940094,18.8267714,0
              98.9940148,18.8266038,0
              98.994004,18.8264769,0
              98.9939826,18.8261773,0
              98.993977,18.825881,0
              98.9939504,18.825568,0
              98.9939504,18.825238,0
              98.9938968,18.8249536,0
              98.9937895,18.8245728,0
              98.9936929,18.8243291,0
              98.9936165,18.824137,0
              98.993594,18.824057,0
              98.9936191,18.8239238,0
              98.9936567,18.8236877,0
              98.9936728,18.8235811,0
              98.993724,18.823504,0
              98.9937881,18.8234998,0
              98.9938847,18.8234846,0
              98.9940161,18.8234643,0
              98.9941395,18.823444,0
              98.9942651,18.8234288,0
              98.9943536,18.8234072,0
              98.9944019,18.8233806,0
              98.994448,18.823354,0
              98.9944267,18.8231037,0
              98.9944291,18.8230461,0
              98.9944376,18.8231722,0
              98.9944563,18.8232864,0
              98.9944805,18.8234134,0
              98.9944939,18.8234794,0
              98.9945127,18.8235606,0
              98.9945556,18.8236723,0
              98.9945717,18.8237637,0
              98.9945878,18.8238678,0
              98.99462,18.8239922,0
              98.9946441,18.8240963,0
              98.994679,18.8241775,0
              98.9947487,18.8243019,0
              98.9948158,18.8244263,0
              98.9948935,18.8245177,0
              98.9950008,18.8246548,0
              98.9951001,18.8247843,0
              98.995202,18.8249392,0
              98.9953173,18.8250509,0
              98.9954488,18.8252057,0
              98.9955668,18.8253225,0
              98.9957116,18.8254951,0
              98.9958511,18.8256018,0
              98.995992,18.825779,0
              98.9960925,18.8259064,0
              98.9961676,18.8260232,0
              98.9962963,18.8261654,0
              98.9963983,18.8262821,0
              98.9965002,18.8264446,0
              98.9966289,18.8265868,0
              98.9967416,18.8267289,0
              98.9969025,18.8269473,0
              98.9970366,18.8270996,0
              98.9971386,18.8273078,0
              98.9971815,18.8275159,0
              98.997219,18.8276886,0
              98.9972458,18.8278967,0
              98.9972458,18.8280237,0
              98.9972458,18.828176,0
              98.9972297,18.8283334,0
              98.9972268,18.828441,0
              98.9972054,18.8285628,0
              98.9971624,18.8287456,0
              98.99709,18.828903,0
              98.997023,18.8290097,0
              98.9969345,18.8291239,0
              98.9968298,18.8292432,0
              98.9967252,18.8293701,0
              98.9966045,18.8294996,0
              98.996506,18.829608,0
              98.9963685,18.8297103,0
              98.9961486,18.829883,0
              98.9960259,18.8299714,0
              98.9962777,18.8297741,0
            </coordinates>
          </LinearRing>
        </innerBoundaryIs>
        <innerBoundaryIs>
          <LinearRing>
            <tessellate>1</tessellate>
            <coordinates>
              98.9916396,18.8333265,0
              98.991647,18.8333468,0
              98.9916188,18.8333887,0
              98.991507,18.833558,0
              98.9913908,18.8337574,0
              98.9911977,18.8341331,0
              98.9910904,18.8346104,0
              98.9909724,18.8349658,0
              98.9908008,18.8352603,0
              98.9906505,18.8355649,0
              98.9905218,18.8358289,0
              98.9903931,18.8361335,0
              98.99024,18.836427,0
              98.9901763,18.836598,0
              98.9901535,18.8366691,0
              98.9901159,18.8367389,0
              98.990061,18.8368582,0
              98.9900261,18.8369356,0
              98.9899872,18.8369953,0
              98.9899228,18.8370499,0
              98.9898625,18.8370791,0
              98.989811,18.837089,0
              98.9897632,18.8370879,0
              98.9897042,18.8370829,0
              98.9896358,18.8370664,0
              98.9895862,18.8370359,0
              98.9895527,18.8370054,0
              98.9895272,18.8369559,0
              98.9895098,18.8369242,0
              98.9894937,18.8368658,0
              98.9894776,18.8368189,0
              98.9894561,18.8367833,0
              98.9894239,18.8366945,0
              98.9894065,18.8366653,0
              98.9893985,18.8366513,0
              98.9893488,18.8366043,0
              98.9892657,18.8365587,0
              98.9891195,18.8365079,0
              98.989027,18.8364673,0
              98.988945,18.836442,0
              98.9888861,18.8363987,0
              98.9888231,18.8363467,0
              98.988795,18.83632,0
              98.9887519,18.8362698,0
              98.9886915,18.8361873,0
              98.9886687,18.8361277,0
              98.988654,18.8360858,0
              98.9886567,18.8360249,0
              98.9886674,18.8359703,0
              98.9886808,18.8359221,0
              98.9886969,18.8358852,0
              98.9887211,18.8358408,0
              98.9887425,18.8358142,0
              98.9887774,18.8357913,0
              98.9888404,18.8357862,0
              98.9888873,18.8357862,0
              98.9889852,18.8357862,0
              98.9890671,18.8357913,0
              98.9891247,18.8357951,0
              98.9892199,18.8358116,0
              98.989279,18.8358078,0
              98.9893608,18.8357977,0
              98.9894466,18.8357977,0
              98.9895136,18.8357913,0
              98.9895861,18.8357634,0
              98.9896183,18.8357418,0
              98.9896598,18.8356885,0
              98.9896866,18.8356504,0
              98.9897175,18.8355882,0
              98.9897363,18.8355273,0
              98.9897483,18.8354803,0
              98.9897309,18.8353877,0
              98.9897229,18.8353407,0
              98.989697,18.835294,0
              98.9896706,18.8352633,0
              98.9896075,18.8352024,0
              98.989549,18.83517,0
              98.9894774,18.8351275,0
              98.9894265,18.8350932,0
              98.9893608,18.8350767,0
              98.9892803,18.8350513,0
              98.9891904,18.835031,0
              98.9891113,18.8350183,0
              98.9890067,18.835031,0
              98.9889048,18.8350716,0
              98.9888069,18.8350856,0
              98.9887452,18.8350729,0
              98.9887117,18.8350424,0
              98.9885776,18.8349358,0
              98.988506,18.834879,0
              98.9884113,18.834748,0
              98.9883281,18.8346566,0
              98.9882611,18.8344687,0
              98.9882047,18.8343418,0
              98.988189,18.83425,0
              98.9882074,18.8340778,0
              98.9882557,18.8339762,0
              98.9883174,18.8338772,0
              98.9884141,18.8337645,0
              98.9885107,18.8336121,0
              98.9885965,18.8335005,0
              98.988664,18.83341,0
              98.9887816,18.8333177,0
              98.9888808,18.8332466,0
              98.9889881,18.8331425,0
              98.9891088,18.8330257,0
              98.9892,18.8329343,0
              98.9892805,18.8328785,0
              98.989377,18.8328201,0
              98.989517,18.83276,0
              98.9896345,18.8326906,0
              98.9897472,18.8326246,0
              98.9898196,18.8325383,0
              98.9898813,18.8324063,0
              98.989951,18.8322845,0
              98.9900208,18.8321271,0
              98.9900744,18.8319113,0
              98.9901495,18.8318199,0
              98.9902192,18.8317767,0
              98.9902836,18.8317539,0
              98.9903507,18.8317463,0
              98.9904526,18.8317666,0
              98.9905813,18.8318275,0
              98.9906564,18.831924,0
              98.990702,18.8320001,0
              98.9906833,18.8321321,0
              98.9906591,18.8322591,0
              98.9906243,18.8323505,0
              98.9905626,18.8324622,0
              98.9905062,18.8325535,0
              98.9904231,18.832683,0
              98.9903533,18.8327973,0
              98.9902434,18.8329191,0
              98.9901495,18.8330511,0
              98.990113,18.833161,0
              98.990069,18.833281,0
              98.990054,18.833403,0
              98.9900637,18.8335182,0
              98.9901388,18.8335893,0
              98.9902353,18.8335918,0
              98.9903319,18.8335487,0
              98.9904472,18.8334649,0
              98.990506,18.83335,0
              98.990576,18.833223,0
              98.9907369,18.8330613,0
              98.9908817,18.8329699,0
              98.9910239,18.8329394,0
              98.991222,18.83296,0
              98.9913914,18.8330105,0
              98.9915147,18.8330689,0
              98.9915764,18.8331527,0
              98.9916301,18.8332644,0
              98.991635,18.833331,0
              98.9916489,18.8333142,0
              98.9916396,18.8333265,0
            </coordinates>
          </LinearRing>
        </innerBoundaryIs>
      </Polygon>
    </Placemark>
    <Placemark>
      <name>Polygon 2</name>
      <styleUrl>#poly-0288D1-1-99-nodesc</styleUrl>
      <Polygon>
        <outerBoundaryIs>
          <LinearRing>
            <tessellate>1</tessellate>
            <coordinates>
              98.989693,18.811743,0
              98.989736,18.811174,0
              98.989714,18.810636,0
              98.9896186,18.8103389,0
              98.989553,18.810057,0
              98.9895865,18.8097295,0
              98.989596,18.809458,0
              98.9896079,18.8091608,0
              98.9896186,18.8089678,0
              98.9897152,18.8087444,0
              98.9898654,18.8086022,0
              98.9900693,18.808328,0
              98.9903267,18.8081655,0
              98.990616,18.808097,0
              98.9909383,18.8080639,0
              98.9911636,18.8080233,0
              98.9912709,18.8079624,0
              98.991431,18.807772,0
              98.9915391,18.8074952,0
              98.9914425,18.8072718,0
              98.991228,18.8070585,0
              98.9909168,18.8068046,0
              98.9907559,18.8066523,0
              98.9905735,18.8064491,0
              98.990342,18.806224,0
              98.99017,18.805878,0
              98.9901873,18.8057382,0
              98.990235,18.805472,0
              98.9903053,18.8053218,0
              98.9904126,18.8051085,0
              98.990471,18.804903,0
              98.9905091,18.804682,0
              98.9906701,18.8043671,0
              98.9907881,18.8041031,0
              98.9908954,18.8039101,0
              98.9910456,18.8037273,0
              98.9911421,18.8034429,0
              98.9913031,18.8032093,0
              98.991436,18.802943,0
              98.9916035,18.8027015,0
              98.991704,18.802628,0
              98.9918824,18.8025085,0
              98.9921077,18.8024273,0
              98.992327,18.802303,0
              98.9925369,18.8021632,0
              98.9927085,18.8020515,0
              98.992938,18.801887,0
              98.9930841,18.801757,0
              98.9932235,18.8015335,0
              98.9933523,18.8013304,0
              98.9934167,18.8011374,0
              98.9934596,18.800782,0
              98.993363,18.800589,0
              98.993292,18.800353,0
              98.993245,18.8002234,0
              98.993205,18.800015,0
              98.9929875,18.7998679,0
              98.9927622,18.799746,0
              98.992606,18.799622,0
              98.9923974,18.7995429,0
              98.992215,18.7994312,0
              98.9920112,18.7993601,0
              98.9918717,18.7992687,0
              98.9915927,18.7991569,0
              98.9914533,18.7991265,0
              98.9913138,18.7991061,0
              98.9910992,18.7990351,0
              98.9908632,18.798964,0
              98.9906593,18.7989436,0
              98.9904126,18.7988319,0
              98.99018,18.798782,0
              98.9900263,18.7987405,0
              98.9898761,18.7986796,0
              98.98974,18.798604,0
              98.9895865,18.7985374,0
              98.9894684,18.7984866,0
              98.9893558,18.798446,0
              98.989286,18.7983698,0
              98.989236,18.798269,0
              98.9892431,18.7981768,0
              98.9892968,18.7980905,0
              98.989415,18.798023,0
              98.989568,18.797989,0
              98.9897313,18.7979483,0
              98.9899405,18.7979229,0
              98.9900746,18.7978823,0
              98.9902356,18.7978366,0
              98.9903482,18.7978061,0
              98.9905252,18.7977553,0
              98.9907183,18.7977147,0
              98.9908739,18.7976944,0
              98.991001,18.797639,0
              98.9911207,18.7975979,0
              98.9913138,18.7975776,0
              98.9914211,18.797537,0
              98.9915713,18.7975065,0
              98.9917215,18.797476,0
              98.9918502,18.7974354,0
              98.9920219,18.7973643,0
              98.9921538,18.7973091,0
              98.9922745,18.7972558,0
              98.9923738,18.7972253,0
              98.992465,18.7971898,0
              98.9925481,18.7971492,0
              98.992634,18.7971238,0
              98.992701,18.7970908,0
              98.9927681,18.7970628,0
              98.9928271,18.7970324,0
              98.9928914,18.7970121,0
              98.9929719,18.7969714,0
              98.9930363,18.7969511,0
              98.9931114,18.7969232,0
              98.9931731,18.7968902,0
              98.9932401,18.7968699,0
              98.9933126,18.7968343,0
              98.9934118,18.7967886,0
              98.9934842,18.7967505,0
              98.9935325,18.7967378,0
              98.993578,18.796723,0
              98.9936183,18.7966667,0
              98.9936747,18.7966185,0
              98.9937203,18.796555,0
              98.9937766,18.7964814,0
              98.9938302,18.7964153,0
              98.9938839,18.7963773,0
              98.9939509,18.796362,0
              98.9940448,18.7967759,0
              98.9940663,18.7969384,0
              98.9941199,18.7970908,0
              98.994195,18.7972279,0
              98.9942326,18.7973345,0
              98.994254,18.7974412,0
              98.9942755,18.7976138,0
              98.994278,18.797746,0
              98.9943023,18.7978931,0
              98.994332,18.797994,0
              98.9943345,18.7981572,0
              98.994364,18.798274,0
              98.9943345,18.7983553,0
              98.9942808,18.7984264,0
              98.9942165,18.7985228,0
              98.994144,18.798639,0
              98.9940448,18.7987666,0
              98.9939643,18.7988225,0
              98.9938946,18.7988682,0
              98.9938034,18.7989342,0
              98.99368,18.7990154,0
              98.993592,18.799061,0
              98.9935298,18.7990916,0
              98.993431,18.799198,0
              98.9933582,18.7992846,0
              98.9933099,18.7993709,0
              98.993275,18.799488,0
              98.9932884,18.7995791,0
              98.9933313,18.7996908,0
              98.993474,18.799853,0
              98.9935727,18.7999397,0
              98.993739,18.8000057,0
              98.9939053,18.8000412,0
              98.994037,18.800066,0
              98.994193,18.800066,0
              98.994348,18.800046,0
              98.994456,18.800026,0
              98.9945651,18.8000514,0
              98.9947154,18.8000514,0
              98.9948173,18.800092,0
              98.9948763,18.8001834,0
              98.994928,18.80028,0
              98.9949567,18.8004119,0
              98.9949782,18.8004881,0
              98.9950104,18.8006151,0
              98.9950426,18.8007116,0
              98.9950533,18.8008131,0
              98.995088,18.800909,0
              98.9950748,18.8010213,0
              98.9950748,18.8011584,0
              98.995064,18.8013209,0
              98.9950533,18.8014834,0
              98.9950158,18.8016663,0
              98.994946,18.8017881,0
              98.9948602,18.8019456,0
              98.9947422,18.8020522,0
              98.9946456,18.8021741,0
              98.9944632,18.8023163,0
              98.9943667,18.8024178,0
              98.9942862,18.8025042,0
              98.9942165,18.8026006,0
              98.994155,18.802666,0
              98.9941092,18.802753,0
              98.9940448,18.8029256,0
              98.9940233,18.8030475,0
              98.9940126,18.8032049,0
              98.9940663,18.803342,0
              98.9941467,18.8035909,0
              98.9942326,18.8037889,0
              98.994313,18.8039565,0
              98.9943828,18.8041799,0
              98.9944954,18.8044085,0
              98.9945598,18.8045456,0
              98.9946563,18.8047233,0
              98.9947314,18.8049315,0
              98.9947797,18.8050838,0
              98.9948334,18.8052971,0
              98.9948709,18.8055155,0
              98.994928,18.805713,0
              98.994946,18.805876,0
              98.9949997,18.8060639,0
              98.9950319,18.8063178,0
              98.9950587,18.8065666,0
              98.9950694,18.8067748,0
              98.995064,18.8070541,0
              98.9950694,18.8073436,0
              98.9950694,18.8075873,0
              98.995064,18.8077803,0
              98.9950479,18.8080342,0
              98.9950319,18.8082221,0
              98.9950104,18.8083896,0
              98.9949997,18.8085775,0
              98.9949675,18.8087298,0
              98.994949,18.808872,0
              98.9949246,18.8092376,0
              98.9949514,18.8094763,0
              98.9949567,18.809715,0
              98.9948816,18.8101618,0
              98.9948387,18.8103853,0
              98.994692,18.810598,0
              98.9945169,18.8107306,0
              98.9943345,18.8107509,0
              98.9941521,18.8108321,0
              98.9935996,18.8109083,0
              98.9934118,18.8109489,0
              98.9932616,18.8109895,0
              98.993082,18.811055,0
              98.9928324,18.8111216,0
              98.9925159,18.8112079,0
              98.9922048,18.8113094,0
              98.9919688,18.8113754,0
              98.9916523,18.8114313,0
              98.9914431,18.8114668,0
              98.9911963,18.8115176,0
              98.9909388,18.8115684,0
              98.9907296,18.8116192,0
              98.9904775,18.8116649,0
              98.990161,18.8117157,0
              98.9899142,18.811736,0
              98.989693,18.811743,0
            </coordinates>
          </LinearRing>
        </outerBoundaryIs>
      </Polygon>
    </Placemark>
    <Placemark>
      <name>Polygon 4</name>
      <styleUrl>#poly-0288D1-1-99-nodesc</styleUrl>
      <Polygon>
        <outerBoundaryIs>
          <LinearRing>
            <tessellate>1</tessellate>
            <coordinates>
              98.9894199,18.7730905,0
              98.9893665,18.7730475,0
              98.9892512,18.7729942,0
              98.9890929,18.7729459,0
              98.988932,18.7729002,0
              98.9887013,18.7728698,0
              98.9885967,18.7728571,0
              98.9883623,18.7728692,0
              98.9881048,18.7728641,0
              98.9877132,18.7728641,0
              98.9873162,18.772859,0
              98.9869139,18.7728641,0
              98.9864633,18.7728641,0
              98.9861199,18.7728641,0
              98.9857444,18.7728997,0
              98.985546,18.7729047,0
              98.9854011,18.7728286,0
              98.9851597,18.7727727,0
              98.984929,18.7728286,0
              98.9846608,18.7729301,0
              98.9843336,18.7730216,0
              98.9839474,18.7731333,0
              98.9835826,18.7732247,0
              98.9829603,18.7733568,0
              98.9823166,18.7735599,0
              98.9820591,18.773631,0
              98.9815334,18.7736412,0
              98.9809433,18.7734177,0
              98.9805892,18.7730419,0
              98.9802781,18.7726254,0
              98.980085,18.7722495,0
              98.9798811,18.7718432,0
              98.9795807,18.7714471,0
              98.9793447,18.7711626,0
              98.9791087,18.7708782,0
              98.9788833,18.7704719,0
              98.9787331,18.7700351,0
              98.9785722,18.7695881,0
              98.9784435,18.7692529,0
              98.9784971,18.7689278,0
              98.978701,18.7687551,0
              98.9790657,18.7687043,0
              98.9794198,18.768877,0
              98.9796344,18.7692122,0
              98.979951,18.769493,0
              98.9804,18.769784,0
              98.980754,18.76988,0
              98.981077,18.769737,0
              98.9814905,18.7694764,0
              98.9819411,18.7694256,0
              98.9824239,18.7692326,0
              98.9828745,18.7689481,0
              98.9834646,18.7687856,0
              98.9838615,18.7686434,0
              98.9840654,18.7683894,0
              98.9844087,18.7680542,0
              98.9847306,18.7676275,0
              98.985582,18.767615,0
              98.986184,18.767908,0
              98.986875,18.768088,0
              98.987653,18.76796,0
              98.987847,18.76737,0
              98.98791,18.766747,0
              98.988512,18.766283,0
              98.9893026,18.7663142,0
              98.9897747,18.7667205,0
              98.9906759,18.7666392,0
              98.990873,18.766202,0
              98.990873,18.765704,0
              98.991463,18.765125,0
              98.99194,18.76492,0
              98.9920111,18.7647931,0
              98.9920325,18.7646889,0
              98.992052,18.764586,0
              98.9922912,18.764384,0
              98.9920682,18.7645693,0
              98.9920011,18.764549,0
              98.991907,18.76449,0
              98.9917785,18.7645058,0
              98.9915961,18.7645693,0
              98.9915075,18.7646447,0
              98.9913948,18.7647361,0
              98.991241,18.764795,0
              98.991107,18.764688,0
              98.99103,18.7645025,0
              98.9908423,18.7643044,0
              98.990747,18.764089,0
              98.9907028,18.7639285,0
              98.9906331,18.7637507,0
              98.9905687,18.7635476,0
              98.990515,18.7634053,0
              98.990423,18.763327,0
              98.990238,18.763271,0
              98.990047,18.763345,0
              98.989988,18.763588,0
              98.990045,18.763758,0
              98.9901717,18.7640098,0
              98.990284,18.764207,0
              98.9904507,18.7644212,0
              98.9904775,18.7645787,0
              98.990515,18.7648733,0
              98.990456,18.7650663,0
              98.9902844,18.7652847,0
              98.9900322,18.7654574,0
              98.9893831,18.7656809,0
              98.9888199,18.7659044,0
              98.9883693,18.7660821,0
              98.9879133,18.7662447,0
              98.987629,18.7663107,0
              98.986304,18.7667323,0
              98.9856495,18.7668948,0
              98.9840992,18.7671335,0
              98.9828654,18.767291,0
              98.981841,18.767346,0
              98.9812046,18.7672316,0
              98.9806038,18.7671097,0
              98.980087,18.766949,0
              98.979606,18.7668659,0
              98.979161,18.767069,0
              98.9789623,18.767516,0
              98.978737,18.7679732,0
              98.9785546,18.7681052,0
              98.9782328,18.767963,0
              98.97815,18.767671,0
              98.9780075,18.7672926,0
              98.977742,18.766919,0
              98.9774066,18.7664291,0
              98.977034,18.765944,0
              98.9765376,18.7655351,0
              98.9761621,18.7652405,0
              98.9738769,18.7634831,0
              98.974337,18.7630849,0
              98.9747661,18.7627802,0
              98.9750344,18.7624551,0
              98.9752382,18.7620792,0
              98.9753777,18.7615814,0
              98.9755493,18.760911,0
              98.975721,18.7601389,0
              98.9759586,18.759649,0
              98.976218,18.759158,0
              98.9761625,18.7585924,0
              98.9760015,18.7581861,0
              98.9756797,18.7578712,0
              98.9752827,18.7576781,0
              98.9746604,18.7574343,0
              98.9742849,18.75716,0
              98.974352,18.75672,0
              98.974517,18.756391,0
              98.9748214,18.7560425,0
              98.9751003,18.7556362,0
              98.9752505,18.7552603,0
              98.9753578,18.7549047,0
              98.9752342,18.7533559,0
              98.974867,18.75034,0
              98.9743759,18.7488045,0
              98.97402,18.747374,0
              98.974771,18.746266,0
              98.975118,18.745826,0
              98.9751945,18.7455665,0
              98.975275,18.7453176,0
              98.9753018,18.7450737,0
              98.9752482,18.7448045,0
              98.9749907,18.7446521,0
              98.9745615,18.7445708,0
              98.9741216,18.7444997,0
              98.9734511,18.7444438,0
              98.9730917,18.7442965,0
              98.9728985,18.7440476,0
              98.9728074,18.7437987,0
              98.9727913,18.7435701,0
              98.9729522,18.7433466,0
              98.9730595,18.7431281,0
              98.9731936,18.7429199,0
              98.9732633,18.7426862,0
              98.9733223,18.7424322,0
              98.973376,18.7421985,0
              98.973585,18.742181,0
              98.9738695,18.7423306,0
              98.9744006,18.7425947,0
              98.978991,18.7452733,0
              98.9815445,18.7462283,0
              98.9818365,18.7463208,0
              98.9822013,18.746336,0
              98.9825983,18.7463513,0
              98.9832045,18.7463614,0
              98.984071,18.746234,0
              98.984412,18.746747,0
              98.984677,18.747341,0
              98.985164,18.747874,0
              98.985893,18.748443,0
              98.986522,18.749088,0
              98.9865718,18.75017,0
              98.986991,18.752347,0
              98.988192,18.754297,0
              98.989573,18.755189,0
              98.991075,18.755453,0
              98.992234,18.75591,0
              98.992826,18.756999,0
              98.992987,18.757138,0
              98.994024,18.757552,0
              98.994823,18.757937,0
              98.9950679,18.7585144,0
              98.9952932,18.7590427,0
              98.995555,18.759295,0
              98.995958,18.759311,0
              98.996094,18.759088,0
              98.9959906,18.7587379,0
              98.9957009,18.7583722,0
              98.9954434,18.7579658,0
              98.9952503,18.757529,0
              98.995097,18.757054,0
              98.9951108,18.7565842,0
              98.9951967,18.7560153,0
              98.995129,18.755439,0
              98.994855,18.754789,0
              98.9945851,18.7544609,0
              98.9940272,18.7541663,0
              98.9931904,18.7539022,0
              98.9926432,18.7537803,0
              98.9919351,18.7537599,0
              98.9910339,18.7536685,0
              98.989963,18.753347,0
              98.9892958,18.7529878,0
              98.9888881,18.752551,0
              98.9885019,18.7522869,0
              98.9880405,18.7518805,0
              98.9879118,18.7514335,0
              98.9878689,18.7507223,0
              98.9877938,18.7498892,0
              98.9878045,18.7494016,0
              98.987944,18.7488428,0
              98.9877187,18.7483348,0
              98.9872573,18.7479386,0
              98.9868389,18.7476643,0
              98.9861201,18.747329,0
              98.985462,18.746897,0
              98.9849613,18.7465061,0
              98.984666,18.746046,0
              98.98803,18.745245,0
              98.995809,18.744025,0
              98.995824,18.7440199,0
              98.9958601,18.7439999,0
              98.9958976,18.7439726,0
              98.9959164,18.7439364,0
              98.9959238,18.7438843,0
              98.9959332,18.743824,0
              98.9959265,18.7437573,0
              98.9959104,18.7436843,0
              98.9959057,18.7436633,0
              98.995882,18.743472,0
              98.9961645,18.7431349,0
              98.9964756,18.7426777,0
              98.996616,18.742249,0
              98.9966473,18.7416414,0
              98.9967224,18.7411435,0
              98.997173,18.7404831,0
              98.9976343,18.7397719,0
              98.9981171,18.739081,0
              98.9986462,18.7385933,0
              98.9993329,18.7376383,0
              99.000178,18.736693,0
              99.000575,18.736012,0
              99.0010066,18.7351185,0
              99.001187,18.734163,0
              99.001143,18.733349,0
              99.000543,18.732882,0
              98.9998264,18.7321517,0
              98.9997406,18.7315014,0
              99.0003629,18.7308714,0
              99.0009637,18.7303431,0
              99.001809,18.729641,0
              99.002521,18.72864,0
              99.0030022,18.7277623,0
              99.003272,18.727025,0
              99.003204,18.726024,0
              99.0023319,18.7258175,0
              99.0015165,18.7252891,0
              99.0009371,18.7252891,0
              99.0001432,18.7254517,0
              98.998848,18.725618,0
              98.9981905,18.7250453,0
              98.9981905,18.7244559,0
              98.9988557,18.7238056,0
              98.9994351,18.7233789,0
              99.0001861,18.7224237,0
              99.000522,18.722,0
              99.0012161,18.7217937,0
              99.001543,18.722384,0
              99.00223,18.722669,0
              99.0028683,18.7226676,0
              99.0034262,18.7224034,0
              99.0041343,18.7221392,0
              99.0048639,18.721997,0
              99.00558,18.721365,0
              99.004673,18.720758,0
              99.004212,18.720555,0
              99.0033189,18.7202086,0
              99.002903,18.719722,0
              99.0028468,18.7193957,0
              99.003223,18.718743,0
              99.0037052,18.7184609,0
              99.0041772,18.718095,0
              99.0046922,18.7177699,0
              99.005369,18.71726,0
              99.005761,18.716762,0
              99.005637,18.716223,0
              99.005006,18.716044,0
              99.004759,18.71581,0
              99.0047538,18.7152579,0
              99.00514,18.7147904,0
              99.0054833,18.7142011,0
              99.0058052,18.713571,0
              99.005918,18.712994,0
              99.0060841,18.7123313,0
              99.005735,18.711928,0
              99.005156,18.711867,0
              99.004748,18.71201,0
              99.00434,18.712558,0
              99.004094,18.713137,0
              99.0038955,18.7144043,0
              99.0036809,18.714892,0
              99.0035521,18.7153798,0
              99.0034218,18.7157603,0
              99.0032957,18.7158848,0
              99.0031589,18.7159737,0
              99.0029309,18.7159127,0
              99.0028102,18.7157806,0
              99.0028478,18.7155469,0
              99.0028451,18.7152624,0
              99.002829,18.7151252,0
              99.0026978,18.7145458,0
              99.0028158,18.7139767,0
              99.0026978,18.713428,0
              99.0025797,18.712737,0
              99.0024403,18.7120359,0
              99.0022257,18.7116192,0
              99.0019682,18.7111315,0
              99.001633,18.710625,0
              99.0013888,18.7104913,0
              99.001004,18.710455,0
              99.0006915,18.7107758,0
              99.000434,18.7113753,0
              99.0003374,18.7121273,0
              99.0007237,18.7129809,0
              99.0010348,18.7136414,0
              99.0013567,18.7145966,0
              99.0015498,18.7151758,0
              99.001583,18.715576,0
              99.0013137,18.7159684,0
              99.00109,18.716328,0
              99.000982,18.716653,0
              99.000432,18.717321,0
              98.999491,18.717131,0
              98.9986158,18.7166244,0
              98.9975214,18.7169292,0
              98.996706,18.7169699,0
              98.995418,18.716974,0
              98.9945174,18.7164415,0
              98.993923,18.71584,0
              98.993064,18.714774,0
              98.9928008,18.7137385,0
              98.9930368,18.7129052,0
              98.9939166,18.7120923,0
              98.9943886,18.71132,0
              98.9949251,18.7101819,0
              98.995031,18.708987,0
              98.9948178,18.7082714,0
              98.9942841,18.7072837,0
              98.99348,18.706109,0
              98.99231,18.7052513,0
              98.991028,18.704247,0
              98.9899068,18.7028937,0
              98.9893918,18.7015523,0
              98.9897351,18.7003734,0
              98.9912371,18.7001295,0
              98.9927821,18.7009425,0
              98.994294,18.701238,0
              98.995549,18.700791,0
              98.9969878,18.6993978,0
              98.996865,18.697214,0
              98.9971594,18.6952921,0
              98.9977603,18.6937067,0
              98.99906,18.692398,0
              99.0014939,18.6916335,0
              99.003156,18.691462,0
              99.0048413,18.6922026,0
              99.0055923,18.692853,0
              99.0059571,18.6936661,0
              99.0063004,18.6944384,0
              99.007453,18.694566,0
              99.008296,18.6949466,0
              99.0096478,18.6955157,0
              99.010194,18.696014,0
              99.0110211,18.6969994,0
              99.0123406,18.6974256,0
              99.012996,18.697826,0
              99.013554,18.698375,0
              99.0145722,18.6991939,0
              99.0153232,18.6995394,0
              99.0165892,18.7000882,0
              99.0168467,18.7004744,0
              99.0171364,18.7006725,0
              99.0171685,18.7009012,0
              99.0170237,18.7009774,0
              99.0167233,18.7010079,0
              99.01638,18.7011705,0
              99.016101,18.7012467,0
              99.015924,18.7013483,0
              99.0157523,18.7015211,0
              99.015751,18.701751,0
              99.0159669,18.7018666,0
              99.0163049,18.7018311,0
              99.016675,18.7016481,0
              99.0169593,18.7015262,0
              99.0173831,18.7014195,0
              99.0178337,18.701389,0
              99.0181127,18.7013839,0
              99.0182735,18.7014266,0
              99.0184988,18.7015029,0
              99.018765,18.701637,0
              99.0188099,18.7017772,0
              99.0188046,18.702011,0
              99.0188475,18.7022549,0
              99.018915,18.702562,0
              99.0190245,18.7027731,0
              99.019105,18.702829,0
              99.0193249,18.7030374,0
              99.019548,18.703192,0
              99.0198399,18.7032965,0
              99.019949,18.703178,0
              99.0199257,18.7030374,0
              99.0198399,18.7028443,0
              99.0199472,18.7027884,0
              99.0200759,18.7027579,0
              99.020295,18.70279,0
              99.0204622,18.7029154,0
              99.0209452,18.703167,0
              99.021208,18.70331,0
              99.0215138,18.7034973,0
              99.0218464,18.7037971,0
              99.0221361,18.7039953,0
              99.0225492,18.7042087,0
              99.022871,18.7044983,0
              99.02315,18.7047727,0
              99.0235309,18.7051029,0
              99.0239388,18.7053064,0
              99.024384,18.705561,0
              99.0245772,18.7057332,0
              99.024888,18.705962,0
              99.0251941,18.7061549,0
              99.0254623,18.7062972,0
              99.0257359,18.7066274,0
              99.025811,18.7069628,0
              99.0257735,18.7074353,0
              99.0256823,18.7078672,0
              99.025478,18.708691,0
              99.025242,18.709092,0
              99.024916,18.7096509,0
              99.0244225,18.7102606,0
              99.023767,18.710737,0
              99.0232638,18.71148,0
              99.0227702,18.7124149,0
              99.022051,18.713237,0
              99.0212682,18.7136343,0
              99.020367,18.7139188,0
              99.019326,18.71403,0
              99.0184787,18.7145692,0
              99.0174273,18.7151382,0
              99.0165046,18.7155853,0
              99.0161074,18.7160733,0
              99.015925,18.7166728,0
              99.0158284,18.7176076,0
              99.0155709,18.7182376,0
              99.0153564,18.7188168,0
              99.0152705,18.7193757,0
              99.0153134,18.7198736,0
              99.0153993,18.7206763,0
              99.0153349,18.7212555,0
              99.0151096,18.7218144,0
              99.0144824,18.7225094,0
              99.0138923,18.7228651,0
              99.0134524,18.7229971,0
              99.0128408,18.7228447,0
              99.0121971,18.7226009,0
              99.0117358,18.7222249,0
              99.0112315,18.7218794,0
              99.010498,18.721563,0
              99.0098475,18.7213307,0
              99.0092574,18.7212189,0
              99.008839,18.7211986,0
              99.0081416,18.7213002,0
              99.0077017,18.7217372,0
              99.0078305,18.7222757,0
              99.0088283,18.7228346,0
              99.0094827,18.7232309,0
              99.01,18.723521,0
              99.010161,18.723836,0
              99.0102605,18.724076,0
              99.0104644,18.7243555,0
              99.0107594,18.72464,0
              99.0112154,18.7250667,0
              99.0116445,18.725463,0
              99.0120362,18.725779,0
              99.0127014,18.7263277,0
              99.0132808,18.726917,0
              99.013725,18.727488,0
              99.013971,18.728057,0
              99.0138601,18.7288273,0
              99.0137529,18.7297824,0
              99.0137099,18.7307984,0
              99.0132593,18.7316519,0
              99.012931,18.732375,0
              99.0127873,18.7330541,0
              99.012695,18.733676,0
              99.0127229,18.7341717,0
              99.0124654,18.7354519,0
              99.0124225,18.7362241,0
              99.0123796,18.736915,0
              99.012641,18.737608,0
              99.0128065,18.7384189,0
              99.0129352,18.7392114,0
              99.013155,18.740001,0
              99.0135146,18.7405322,0
              99.0138794,18.7410402,0
              99.0143944,18.7412637,0
              99.0148664,18.7411418,0
              99.015429,18.740458,0
              99.0158535,18.7395568,0
              99.0162183,18.738744,0
              99.016728,18.737929,0
              99.017098,18.7370168,0
              99.0174414,18.7360414,0
              99.0175701,18.7353098,0
              99.018218,18.734138,0
              99.0190292,18.7335623,0
              99.019909,18.7330949,0
              99.0205098,18.7325259,0
              99.0211964,18.731713,0
              99.0218187,18.730636,0
              99.0223337,18.7302702,0
              99.0234495,18.7301483,0
              99.0246511,18.7305141,0
              99.0252734,18.7308799,0
              99.0261103,18.731144,0
              99.0264984,18.7313991,0
              99.0269276,18.7313585,0
              99.0274318,18.7311552,0
              99.0279897,18.7307082,0
              99.0280327,18.7302205,0
              99.027743,18.7295702,0
              99.0271223,18.7287131,0
              99.026543,18.7281238,0
              99.025513,18.7280832,0
              99.0239252,18.7279003,0
              99.022464,18.727577,0
              99.0213288,18.7271077,0
              99.020213,18.7262745,0
              99.020071,18.725036,0
              99.0206207,18.7246285,0
              99.0215648,18.7240595,0
              99.02314,18.723624,0
              99.0248908,18.7238766,0
              99.025792,18.723775,0
              99.0265215,18.7231246,0
              99.0272296,18.7224337,0
              99.02844,18.720626,0
              99.029362,18.719275,0
              99.03095,18.717558,0
              99.031701,18.716836,0
              99.032914,18.715729,0
              99.0337224,18.7143262,0
              99.034008,18.713117,0
              99.033865,18.712138,0
              99.0347952,18.711359,0
              99.035627,18.710348,0
              99.03624,18.709124,0
              99.036229,18.707691,0
              99.035392,18.706868,0
              99.033997,18.706329,0
              99.032903,18.705719,0
              99.032753,18.705303,0
              99.032903,18.704774,0
              99.0338082,18.7044082,0
              99.03478,18.704683,0
              99.0357823,18.7055464,0
              99.0361256,18.7065829,0
              99.036669,18.707477,0
              99.037237,18.707955,0
              99.0381426,18.7086356,0
              99.038857,18.709185,0
              99.0397305,18.709286,0
              99.040011,18.708605,0
              99.0397305,18.7075991,0
              99.039501,18.706766,0
              99.0397305,18.7062781,0
              99.0398807,18.7056683,0
              99.039915,18.705051,0
              99.040692,18.703514,0
              99.0419,18.702073,0
              99.041858,18.700398,0
              99.042565,18.698669,0
              99.042931,18.697045,0
              99.042932,18.694965,0
              99.0435963,18.6930699,0
              99.043552,18.69189,0
              99.042738,18.6903868,0
              99.0426672,18.6894359,0
              99.04214,18.688516,0
              99.0413154,18.6875253,0
              99.0405858,18.6870171,0
              99.040241,18.686311,0
              99.03947,18.6852893,0
              99.038374,18.684725,0
              99.0377963,18.6845779,0
              99.0373254,18.6843109,0
              99.0367461,18.6839857,0
              99.0364886,18.6831726,0
              99.03699,18.682652,0
              99.0374327,18.6821562,0
              99.0374971,18.6812415,0
              99.0371108,18.6805301,0
              99.0362096,18.6801032,0
              99.0351153,18.6797576,0
              99.0340853,18.6794731,0
              99.0329695,18.6795544,0
              99.0322829,18.679717,0
              99.031059,18.680696,0
              99.030416,18.6818107,0
              99.03018,18.6833759,0
              99.0301585,18.6847987,0
              99.030695,18.6865468,0
              99.031058,18.687331,0
              99.03196,18.688246,0
              99.032303,18.688937,0
              99.0330982,18.6893722,0
              99.033268,18.689405,0
              99.0333453,18.6895822,0
              99.033319,18.689768,0
              99.0330824,18.6898921,0
              99.0328356,18.6900293,0
              99.0327659,18.6901716,0
              99.0325315,18.6907955,0
              99.0323169,18.6918525,0
              99.032153,18.692738,0
              99.0318234,18.6934785,0
              99.0315444,18.6943526,0
              99.0312226,18.6952672,0
              99.0304072,18.6961005,0
              99.0300639,18.6967713,0
              99.0295918,18.6971981,0
              99.0290124,18.6980111,0
              99.028749,18.698497,0
              99.028428,18.699053,0
              99.027979,18.698006,0
              99.0281971,18.6975436,0
              99.0283687,18.6969339,0
              99.0283043,18.6962631,0
              99.0280683,18.695755,0
              99.0278966,18.6952265,0
              99.028144,18.694452,0
              99.02865,18.693862,0
              99.0288622,18.6932753,0
              99.0287979,18.6926858,0
              99.0283687,18.6923403,0
              99.0275319,18.6921574,0
              99.0268881,18.6921777,0
              99.026041,18.692277,0
              99.025333,18.69248,0
              99.0246565,18.6929907,0
              99.0242274,18.6934582,0
              99.0235622,18.6942509,0
              99.023102,18.694696,0
              99.0222318,18.6952062,0
              99.0219314,18.6955314,0
              99.02173,18.69566,0
              99.0218349,18.6960192,0
              99.0221138,18.6962428,0
              99.0224571,18.6962936,0
              99.0229077,18.6961818,0
              99.023552,18.695996,0
              99.0238411,18.6958262,0
              99.0239806,18.6958262,0
              99.024399,18.6957652,0
              99.024678,18.6958566,0
              99.0248604,18.6961412,0
              99.0251393,18.6966493,0
              99.025335,18.697043,0
              99.0254397,18.6973912,0
              99.0257723,18.6977062,0
              99.0262337,18.6978485,0
              99.0267165,18.6979501,0
              99.0272851,18.6981127,0
              99.0276713,18.6980619,0
              99.0278752,18.6980314,0
              99.027976,18.69802,0
              99.0284493,18.6991166,0
              99.0286639,18.699391,0
              99.0291628,18.7001684,0
              99.0293666,18.7007426,0
              99.029549,18.7010373,0
              99.0295878,18.7016113,0
              99.0295342,18.7021194,0
              99.0294162,18.7024243,0
              99.0291157,18.702658,0
              99.0287295,18.702719,0
              99.028273,18.702846,0
              99.0277854,18.7028206,0
              99.027442,18.7030239,0
              99.0272597,18.7034405,0
              99.0270022,18.7041824,0
              99.0267983,18.7047718,0
              99.0265837,18.70529,0
              99.0265945,18.7057067,0
              99.026511,18.705942,0
              99.0260795,18.706225,0
              99.0256718,18.7060217,0
              99.0251354,18.7056152,0
              99.0247062,18.7053612,0
              99.0245453,18.7050563,0
              99.024553,18.70461,0
              99.0243843,18.7043348,0
              99.023968,18.704046,0
              99.023719,18.703818,0
              99.0236333,18.7033694,0
              99.0236655,18.70278,0
              99.0237621,18.7023633,0
              99.0237942,18.7018145,0
              99.0237942,18.7013471,0
              99.0236548,18.7008999,0
              99.0233436,18.7004934,0
              99.0229574,18.7002089,0
              99.0225175,18.7000768,0
              99.0220025,18.6999752,0
              99.0213588,18.7000768,0
              99.0208653,18.700341,0
              99.0203503,18.7006052,0
              99.0198138,18.7006865,0
              99.0192989,18.700656,0
              99.0187088,18.7004528,0
              99.0181187,18.7001682,0
              99.0176466,18.6999345,0
              99.017353,18.699696,0
              99.0168061,18.6991657,0
              99.016044,18.698802,0
              99.0153685,18.6982917,0
              99.0145745,18.6980072,0
              99.0139523,18.6977226,0
              99.0134158,18.6974381,0
              99.013018,18.697105,0
              99.012844,18.696701,0
              99.0128794,18.695934,0
              99.01304,18.695256,0
              99.0130725,18.6948364,0
              99.0130725,18.6943486,0
              99.0130725,18.6938608,0
              99.0133729,18.6935152,0
              99.0135017,18.6929868,0
              99.0136948,18.6926616,0
              99.013874,18.692372,0
              99.0137162,18.6918688,0
              99.01323,18.69166,0
              99.012836,18.691913,0
              99.0126648,18.692316,0
              99.012782,18.693121,0
              99.0126863,18.6936982,0
              99.0127506,18.6942266,0
              99.012664,18.69488,0
              99.012594,18.69568,0
              99.012375,18.695936,0
              99.0120425,18.6961169,0
              99.011645,18.69619,0
              99.011216,18.696018,0
              99.010851,18.695743,0
              99.0103259,18.6953445,0
              99.010036,18.695276,0
              99.0097036,18.6948771,0
              99.0089526,18.6944299,0
              99.0082445,18.694186,0
              99.0075793,18.6936982,0
              99.0068712,18.69319,0
              99.0062919,18.6927022,0
              99.0058836,18.6925399,0
              99.0052399,18.6923061,0
              99.0048483,18.6920826,0
              99.0045264,18.6918488,0
              99.004167,18.6916252,0
              99.0041402,18.6915033,0
              99.0043816,18.6913966,0
              99.0046659,18.6912949,0
              99.0049878,18.691112,0
              99.0054815,18.6908177,0
              99.0059536,18.6904722,0
              99.006267,18.690245,0
              99.006753,18.689786,0
              99.007157,18.689229,0
              99.007735,18.688776,0
              99.0088718,18.6886022,0
              99.009765,18.688436,0
              99.010551,18.688384,0
              99.0113609,18.6881144,0
              99.0117686,18.6873623,0
              99.0120476,18.6864882,0
              99.0120261,18.6857158,0
              99.0117901,18.6844962,0
              99.011169,18.683741,0
              99.010288,18.6833986,0
              99.0092581,18.683053,0
              99.0080993,18.6828904,0
              99.0071552,18.6828701,0
              99.006064,18.682794,0
              99.00542,18.682946,0
              99.0043443,18.6834392,0
              99.0036791,18.6839474,0
              99.0030568,18.6843946,0
              99.002373,18.684105,0
              99.0022414,18.6835205,0
              99.001941,18.6827481,0
              99.0012329,18.6816301,0
              99.0007179,18.6805121,0
              99.0000742,18.6792112,0
              98.9995204,18.6777719,0
              98.9991341,18.6757797,0
              98.9984904,18.6739909,0
              98.998034,18.672198,0
              98.9974175,18.6704538,0
              98.9964305,18.6680143,0
              98.9955293,18.6660221,0
              98.9941989,18.6639079,0
              98.9934264,18.6626068,0
              98.9931766,18.6610041,0
              98.992242,18.65976,0
              98.9908592,18.6588898,0
              98.990153,18.658166,0
              98.988565,18.657048,0
              98.9879006,18.6565756,0
              98.9873856,18.6557421,0
              98.987141,18.65489,0
              98.987492,18.65412,0
              98.9880079,18.6532618,0
              98.9883727,18.6526112,0
              98.9890378,18.6517777,0
              98.9898103,18.6511677,0
              98.990497,18.6502325,0
              98.990904,18.649017,0
              98.990861,18.648143,0
              98.990625,18.647147,0
              98.9902186,18.6465664,0
              98.9897894,18.6460784,0
              98.9891028,18.6456311,0
              98.9884376,18.6453668,0
              98.987882,18.644938,0
              98.9875364,18.6440249,0
              98.98717,18.643162,0
              98.9866351,18.6421951,0
              98.9861845,18.6417071,0
              98.9853691,18.6411988,0
              98.9849185,18.6410565,0
              98.9843479,18.6405693,0
              98.9830175,18.6399187,0
              98.9819875,18.6394307,0
              98.9808717,18.6391867,0
              98.9800992,18.6390241,0
              98.9789834,18.6389427,0
              98.9778676,18.6393494,0
              98.9768377,18.6396747,0
              98.975636,18.640732,0
              98.9750352,18.6418705,0
              98.974853,18.643121,0
              98.9746919,18.6455302,0
              98.9752498,18.6467908,0
              98.975583,18.648021,0
              98.975561,18.649444,0
              98.975164,18.651223,0
              98.9749494,18.6522802,0
              98.9739624,18.6535813,0
              98.9730182,18.6541099,0
              98.971899,18.654796,0
              98.971366,18.653515,0
              98.9713617,18.6527366,0
              98.971469,18.6519234,0
              98.971795,18.651238,0
              98.9720269,18.6504596,0
              98.9721127,18.649748,0
              98.9720269,18.6490568,0
              98.9716406,18.6483452,0
              98.9709111,18.6478775,0
              98.969924,18.6474913,0
              98.969103,18.647106,0
              98.9683147,18.646434,0
              98.9675637,18.6453361,0
              98.9669843,18.6440552,0
              98.9662333,18.6432623,0
              98.9649673,18.642571,0
              98.96391,18.641718,0
              98.9629717,18.6409241,0
              98.9626284,18.6402329,0
              98.962328,18.6395009,0
              98.9622505,18.638942,0
              98.962354,18.638023,0
              98.962515,18.637367,0
              98.9629372,18.6368681,0
              98.9634092,18.6366241,0
              98.9642246,18.6362175,0
              98.964886,18.635949,0
              98.965276,18.6355262,0
              98.9656623,18.6349162,0
              98.9659198,18.6343062,0
              98.96607,18.6336149,0
              98.9659412,18.6329439,0
              98.96582,18.632284,0
              98.9660056,18.6317442,0
              98.9663489,18.6311342,0
              98.966793,18.630548,0
              98.9673145,18.6302599,0
              98.9678939,18.6297719,0
              98.9685248,18.6293959,0
              98.9691042,18.6285826,0
              98.9698337,18.6278303,0
              98.9703058,18.6268339,0
              98.9705847,18.6260206,0
              98.9706062,18.6249022,0
              98.970573,18.623548,0
              98.9703702,18.6225638,0
              98.970133,18.621365,0
              98.9694689,18.6207744,0
              98.9687394,18.6193509,0
              98.9680957,18.6185376,0
              98.9678704,18.618141,0
              98.9675378,18.6179377,0
              98.967118,18.617689,0
              98.968428,18.617042,0
              98.9698856,18.6193329,0
              98.9731901,18.6251688,0
              98.973716,18.626265,0
              98.975454,18.627932,0
              98.97715,18.628684,0
              98.977364,18.629559,0
              98.977364,18.630819,0
              98.977719,18.631651,0
              98.977753,18.632104,0
              98.977603,18.632826,0
              98.978365,18.634849,0
              98.979116,18.635113,0
              98.980049,18.634574,0
              98.982563,18.634471,0
              98.9836185,18.6349085,0
              98.984963,18.636241,0
              98.98683,18.636404,0
              98.988096,18.636709,0
              98.989362,18.637299,0
              98.992388,18.638366,0
              98.992763,18.638041,0
              98.993546,18.637553,0
              98.994286,18.637482,0
              98.994705,18.637949,0
              98.994887,18.638763,0
              98.995552,18.63923,0
              98.996711,18.639434,0
              98.998213,18.639881,0
              98.9992291,18.6403776,0
              99.001432,18.641629,0
              99.002805,18.642321,0
              99.0037,18.643163,0
              99.004178,18.644273,0
              99.004393,18.645736,0
              99.004479,18.650291,0
              99.0048703,18.6522457,0
              99.0048274,18.6550106,0
              99.0049132,18.659036,0
              99.005459,18.663148,0
              99.0076169,18.6664359,0
              99.0087327,18.6689566,0
              99.0098914,18.670339,0
              99.011131,18.672165,0
              99.0130242,18.6721685,0
              99.016157,18.6726971,0
              99.01775,18.673182,0
              99.0195902,18.6731443,0
              99.02127,18.672338,0
              99.0220668,18.67227,0
              99.0265515,18.6718838,0
              99.0282,18.671464,0
              99.030282,18.671342,0
              99.051617,18.665796,0
              99.051682,18.666128,0
              99.051521,18.666509,0
              99.0514644,18.666784,0
              99.049055,18.698588,0
              99.0467354,18.7047568,0
              99.0427764,18.7171949,0
              99.037451,18.734319,0
              99.037199,18.734533,0
              99.0368551,18.734655,0
              99.0359325,18.7345432,0
              99.0348703,18.7342791,0
              99.0346265,18.7341591,0
              99.0344038,18.7341134,0
              99.0341812,18.7340982,0
              99.034023,18.7341896,0
              99.0339935,18.7344131,0
              99.0341088,18.7345503,0
              99.0341678,18.734657,0
              99.0342429,18.7347484,0
              99.034622,18.7354169,0
              99.0352872,18.7362501,0
              99.0357163,18.737449,0
              99.0358665,18.7382415,0
              99.03606,18.73912,0
              99.035888,18.7399281,0
              99.0356305,18.740558,0
              99.0354282,18.7406625,0
              99.0350634,18.7407083,0
              99.0346986,18.7407235,0
              99.0344036,18.7407235,0
              99.0341246,18.7406473,0
              99.0338564,18.740627,0
              99.0336096,18.7406168,0
              99.03332,18.7404797,0
              99.0332019,18.7402765,0
              99.0331268,18.7399513,0
              99.0329713,18.7397227,0
              99.0327299,18.7395805,0
              99.03237,18.739588,0
              99.0321022,18.7396465,0
              99.031973,18.739682,0
              99.031801,18.739659,0
              99.0316516,18.7395653,0
              99.0315765,18.7394027,0
              99.0315765,18.7391792,0
              99.031436,18.738978,0
              99.0312761,18.7388642,0
              99.031018,18.738785,0
              99.030847,18.7388845,0
              99.0304983,18.739169,0
              99.0301979,18.7395043,0
              99.0299994,18.739992,0
              99.029817,18.740373,0
              99.0297097,18.7408353,0
              99.029581,18.7411807,0
              99.0296614,18.7414144,0
              99.0297955,18.7417395,0
              99.0300906,18.7417395,0
              99.0304983,18.7416633,0
              99.0310294,18.741516,0
              99.0313405,18.7413534,0
              99.0314049,18.741008,0
              99.0313673,18.7407845,0
              99.0314746,18.7404085,0
              99.0316141,18.7401596,0
              99.0318501,18.7399818,0
              99.0322149,18.7398802,0
              99.0326119,18.7398294,0
              99.0328801,18.7399361,0
              99.032949,18.740106,0
              99.0328747,18.7403781,0
              99.0328854,18.7406422,0
              99.0331268,18.7408556,0
              99.0336633,18.7409267,0
              99.035117,18.7409369,0
              99.0353048,18.7409521,0
              99.035427,18.741122,0
              99.0353799,18.741389,0
              99.0352029,18.7419529,0
              99.030417,18.757336,0
              99.0292934,18.762403,0
              99.029185,18.763069,0
              99.02908,18.763444,0
              99.028839,18.763787,0
              99.028323,18.763892,0
              99.02795,18.763842,0
              99.027826,18.763834,0
              99.027722,18.76391,0
              99.027646,18.764024,0
              99.027657,18.7641179,0
              99.0277052,18.7642601,0
              99.027775,18.7644175,0
              99.0280486,18.764509,0
              99.0282631,18.7646207,0
              99.0284294,18.7647477,0
              99.0285528,18.764956,0
              99.0285904,18.7653166,0
              99.0285689,18.7655451,0
              99.0284992,18.7657483,0
              99.0283322,18.7658532,0
              99.0280425,18.7660564,0
              99.0278279,18.7661579,0
              99.027495,18.76634,0
              99.0273022,18.7665541,0
              99.0271735,18.7668284,0
              99.027241,18.767273,0
              99.0275704,18.7674887,0
              99.0280425,18.7678036,0
              99.0283107,18.768088,0
              99.028418,18.7684944,0
              99.0284502,18.7690023,0
              99.028579,18.7696423,0
              99.028418,18.769947,0
              99.0282464,18.7703127,0
              99.0281605,18.7710543,0
              99.027357,18.776417,0
              99.0268838,18.7779617,0
              99.026348,18.78245,0
              99.026068,18.783104,0
              99.025051,18.783473,0
              99.024759,18.784222,0
              99.025424,18.784587,0
              99.026003,18.785359,0
              99.025939,18.785908,0
              99.02094,18.797204,0
              99.0207795,18.7968944,0
              99.020608,18.796757,0
              99.020366,18.796579,0
              99.019986,18.796696,0
              99.019556,18.79696,0
              99.0192345,18.7971585,0
              99.018859,18.7974327,0
              99.018698,18.797839,0
              99.018704,18.798092,0
              99.01879,18.798219,0
              99.0190951,18.7983671,0
              99.019492,18.7985093,0
              99.0196315,18.7987937,0
              99.0197603,18.7990476,0
              99.019878,18.799261,0
              99.019793,18.799778,0
              99.0191916,18.7996164,0
              99.018415,18.799345,0
              99.017919,18.800284,0
              99.019294,18.800728,0
              99.016804,18.805402,0
              99.015973,18.804306,0
              99.015511,18.804326,0
              99.014871,18.804956,0
              99.0143735,18.805331,0
              99.013864,18.805763,0
              99.013392,18.805996,0
              99.012867,18.805915,0
              99.012631,18.805722,0
              99.012234,18.80558,0
              99.008606,18.806964,0
              99.008026,18.807361,0
              99.00779,18.808376,0
              99.007912,18.80948,0
              99.004641,18.809802,0
              99.004518,18.809914,0
              99.004555,18.810229,0
              99.001221,18.810528,0
              99.0013042,18.8103827,0
              99.0013793,18.8102609,0
              99.0014436,18.8101212,0
              99.0014865,18.8100298,0
              99.001508,18.8099206,0
              99.001516,18.8097886,0
              99.0015053,18.8096058,0
              99.0014973,18.8094763,0
              99.001457,18.8093849,0
              99.0013283,18.8093164,0
              99.0011218,18.8092758,0
              99.0008965,18.8092275,0
              99.0006604,18.8091691,0
              99.0004324,18.8091133,0
              99.0001508,18.8090726,0
              98.999963,18.809032,0
              98.999617,18.8090269,0
              98.9993971,18.8090244,0
              98.9992362,18.8090117,0
              98.9991466,18.8090206,0
              98.9990903,18.8090066,0
              98.9990058,18.8089431,0
              98.9989441,18.8088835,0
              98.9988998,18.8087997,0
              98.9988288,18.8087045,0
              98.9987671,18.8086524,0
              98.9987108,18.8086016,0
              98.9986504,18.8085648,0
              98.9983366,18.8085763,0
              98.9982218,18.8085747,0
              98.9980072,18.8085747,0
              98.997798,18.808595,0
              98.9976209,18.8086763,0
              98.9974707,18.8087423,0
              98.9973366,18.8088185,0
              98.9970684,18.8088997,0
              98.9969397,18.8089861,0
              98.9966929,18.8090775,0
              98.9964944,18.8091587,0
              98.9963764,18.8091942,0
              98.9962047,18.8092196,0
              98.9960867,18.8092196,0
              98.9959472,18.8091942,0
              98.9958399,18.8090825,0
              98.9957112,18.80892,0
              98.9956683,18.8087829,0
              98.9955825,18.8085798,0
              98.9955664,18.8083513,0
              98.9955664,18.8081482,0
              98.9955234,18.8079603,0
              98.9954752,18.8077267,0
              98.995443,18.8075084,0
              98.995464,18.807274,0
              98.9955664,18.807026,0
              98.9957327,18.8068635,0
              98.9958507,18.8067517,0
              98.9961618,18.8066349,0
              98.9964247,18.8065385,0
              98.9966232,18.8064623,0
              98.9967626,18.8063607,0
              98.9970309,18.806091,0
              98.9972026,18.8057964,0
              98.9971489,18.8056797,0
              98.9970577,18.8054867,0
              98.9969558,18.8052988,0
              98.996827,18.8051871,0
              98.9966393,18.8051008,0
              98.9963174,18.8050043,0
              98.9961404,18.8049941,0
              98.9959258,18.8050144,0
              98.995722,18.8050551,0
              98.9955825,18.8050195,0
              98.995443,18.8049078,0
              98.9953787,18.8047301,0
              98.9954055,18.8045371,0
              98.9955181,18.8044,0
              98.9956737,18.804207,0
              98.9958185,18.8039836,0
              98.9959205,18.8038515,0
              98.9960277,18.8036281,0
              98.996076,18.8034605,0
              98.9961243,18.8033285,0
              98.9961741,18.8032028,0
              98.996158,18.8030149,0
              98.9960507,18.8028067,0
              98.9960132,18.8026036,0
              98.9959381,18.8024005,0
              98.9959059,18.8021415,0
              98.9958951,18.8018317,0
              98.9958737,18.8015321,0
              98.9958844,18.8012579,0
              98.9959595,18.8010141,0
              98.9960936,18.8007958,0
              98.996217,18.8006688,0
              98.996335,18.8005825,0
              98.9965496,18.8004758,0
              98.9969197,18.8005317,0
              98.997145,18.8006536,0
              98.9975152,18.8006739,0
              98.9978692,18.8007755,0
              98.9982769,18.8008872,0
              98.9987115,18.8010598,0
              98.9990548,18.8011309,0
              98.9997017,18.8011916,0
              99.0000048,18.8011916,0
              99.0002194,18.8011789,0
              99.0005385,18.801151,0
              99.000788,18.8011053,0
              99.0010643,18.8011028,0
              99.001244,18.8010875,0
              99.001429,18.8010317,0
              99.0015712,18.8009733,0
              99.0017354,18.8009017,0
              99.0019178,18.800818,0
              99.0019983,18.800757,0
              99.0021029,18.8006783,0
              99.0022504,18.8005818,0
              99.0023014,18.8004752,0
              99.0023014,18.800333,0
              99.0022289,18.8002086,0
              99.0021833,18.8001095,0
              99.0021216,18.8000359,0
              99.0019768,18.7999775,0
              99.0017783,18.7999318,0
              99.0015798,18.7999217,0
              99.0013519,18.7999242,0
              99.0011131,18.8000664,0
              99.0008825,18.8001959,0
              99.0006625,18.8003355,0
              99.0004667,18.8005006,0
              99.0003192,18.8006808,0
              99.0001466,18.8007894,0
              98.9998516,18.8008047,0
              98.9994921,18.8008605,0
              98.9992025,18.8008758,0
              98.9988913,18.8007894,0
              98.9985158,18.8006777,0
              98.9981242,18.8005254,0
              98.9975931,18.8003324,0
              98.9972015,18.8001699,0
              98.9968314,18.7999922,0
              98.9965095,18.7998551,0
              98.9960026,18.7997296,0
              98.9957934,18.7996178,0
              98.995552,18.799435,0
              98.995316,18.7992014,0
              98.9951336,18.7989323,0
              98.995037,18.7986377,0
              98.9949566,18.7983077,0
              98.9948976,18.7980944,0
              98.99454,18.79694,0
              98.9942381,18.7959286,0
              98.9941737,18.7957457,0
              98.9942059,18.7953192,0
              98.9942596,18.794984,0
              98.9944098,18.7945066,0
              98.9944527,18.7940902,0
              98.9944312,18.7936433,0
              98.9944205,18.7931862,0
              98.9944312,18.7928917,0
              98.9945041,18.7928068,0
              98.9945336,18.7926976,0
              98.9945068,18.7925655,0
              98.9944961,18.7925021,0
              98.9944639,18.7923954,0
              98.9945176,18.7922888,0
              98.9946865,18.7922456,0
              98.9947858,18.7922354,0
              98.9949494,18.7922151,0
              98.995014,18.792188,0
              98.9952885,18.7918478,0
              98.9955031,18.7912587,0
              98.9956855,18.7911165,0
              98.9957821,18.7908524,0
              98.9959215,18.7904766,0
              98.9960395,18.7900602,0
              98.9961468,18.7896132,0
              98.9962058,18.7893492,0
              98.996256,18.789129,0
              98.9962327,18.7889226,0
              98.9961522,18.7888413,0
              98.9960717,18.7885975,0
              98.9960127,18.7884147,0
              98.9960181,18.7882522,0
              98.996061,18.7880998,0
              98.995943,18.7878611,0
              98.9957821,18.7875869,0
              98.9956819,18.7874088,0
              98.9955854,18.7872413,0
              98.9954727,18.7870584,0
              98.995521,18.7868959,0
              98.9954995,18.7866928,0
              98.99546,18.786566,0
              98.9953171,18.7865658,0
              98.9952045,18.786576,0
              98.995055,18.786635,0
              98.994943,18.786556,0
              98.9949524,18.7864388,0
              98.9948451,18.7863525,0
              98.9946734,18.7863474,0
              98.9945071,18.7863677,0
              98.994373,18.7862662,0
              98.994406,18.786122,0
              98.9944535,18.7860021,0
              98.994484,18.785838,0
              98.9944374,18.7856618,0
              98.9943515,18.7854739,0
              98.9943086,18.7852809,0
              98.9944159,18.7851489,0
              98.9944642,18.7850067,0
              98.9944803,18.7848187,0
              98.9945447,18.7846308,0
              98.994609,18.7844582,0
              98.9946412,18.7842042,0
              98.9946841,18.783935,0
              98.9946841,18.7836862,0
              98.9947592,18.7834272,0
              98.99477,18.7832139,0
              98.9948075,18.7829396,0
              98.99483,18.782738,0
              98.9946895,18.7825435,0
              98.994532,18.782375,0
              98.9943354,18.7821321,0
              98.9941531,18.7819036,0
              98.9939707,18.7816547,0
              98.9937185,18.7814109,0
              98.9935361,18.7811925,0
              98.99341,18.78104,0
              98.9932518,18.7807761,0
              98.9930212,18.780451,0
              98.992828,18.7801158,0
              98.9925759,18.7797451,0
              98.9922541,18.7794353,0
              98.9919697,18.779227,0
              98.9917391,18.7790645,0
              98.9911114,18.7787648,0
              98.9904677,18.7785718,0
              98.9899956,18.7784703,0
              98.989663,18.7782874,0
              98.9894806,18.7779421,0
              98.989309,18.777485,0
              98.9891481,18.777038,0
              98.9887296,18.7767739,0
              98.9881825,18.7766317,0
              98.9875495,18.7766927,0
              98.987262,18.776803,0
              98.986616,18.7769161,0
              98.9864015,18.7770787,0
              98.9860152,18.7773326,0
              98.9857792,18.7776881,0
              98.985556,18.77788,0
              98.9854436,18.777885,0
              98.9853015,18.7778342,0
              98.985152,18.777832,0
              98.9850252,18.7778443,0
              98.9849421,18.7779688,0
              98.9849179,18.7780805,0
              98.9848884,18.7781897,0
              98.984949,18.77835,0
              98.9850064,18.7784589,0
              98.9849528,18.7785859,0
              98.9848321,18.7786189,0
              98.9847409,18.7785782,0
              98.98458,18.7784487,0
              98.9845049,18.7783268,0
              98.9844201,18.7781772,0
              98.9843718,18.7779791,0
              98.9843235,18.7777709,0
              98.9842108,18.7776084,0
              98.9841036,18.7774763,0
              98.9840177,18.777395,0
              98.9838836,18.7773239,0
              98.983742,18.777258,0
              98.9835886,18.7772325,0
              98.9833364,18.7772376,0
              98.9832131,18.7771919,0
              98.9832184,18.7770192,0
              98.9833472,18.7768465,0
              98.9833955,18.7766434,0
              98.9834598,18.7764097,0
              98.9834598,18.7761964,0
              98.9834598,18.7759628,0
              98.9834169,18.7756987,0
              98.9833418,18.77546,0
              98.9833,18.77521,0
              98.9833525,18.7751044,0
              98.9835564,18.7749927,0
              98.9837602,18.774886,0
              98.9839809,18.77472,0
              98.9842384,18.7744863,0
              98.9844315,18.7742781,0
              98.9846246,18.7741003,0
              98.9847695,18.7739378,0
              98.9849036,18.7736991,0
              98.9850323,18.7734705,0
              98.9852898,18.773242,0
              98.9855902,18.7731658,0
              98.9858745,18.7731861,0
              98.9866148,18.7732471,0
              98.9870279,18.7732928,0
              98.9874678,18.7733131,0
              98.9875965,18.7733283,0
              98.9880525,18.7733639,0
              98.9885246,18.7733944,0
              98.9887982,18.7733944,0
              98.98912,18.7733283,0
              98.9892702,18.7732318,0
              98.989399,18.7730896,0
              98.9894199,18.7730905,0
            </coordinates>
          </LinearRing>
        </outerBoundaryIs>
        <innerBoundaryIs>
          <LinearRing>
            <tessellate>1</tessellate>
            <coordinates>
              99.0047271,18.7636186,0
              99.0047146,18.7638272,0
              99.0047271,18.7633416,0
              99.0047271,18.7636186,0
            </coordinates>
          </LinearRing>
        </innerBoundaryIs>
        <innerBoundaryIs>
          <LinearRing>
            <tessellate>1</tessellate>
            <coordinates>
              99.004708,18.764085,0
              99.0046958,18.7641418,0
              99.0047146,18.7638272,0
              99.004708,18.764085,0
            </coordinates>
          </LinearRing>
        </innerBoundaryIs>
        <innerBoundaryIs>
          <LinearRing>
            <tessellate>1</tessellate>
            <coordinates>
              99.0034568,18.761868,0
              99.003601,18.7619548,0
              99.0028742,18.7615502,0
              99.0034568,18.761868,0
            </coordinates>
          </LinearRing>
        </innerBoundaryIs>
        <innerBoundaryIs>
          <LinearRing>
            <tessellate>1</tessellate>
            <coordinates>
              99.0027672,18.7674852,0
              99.0027793,18.7674644,0
              99.0028954,18.7673468,0
              99.0027672,18.7674852,0
            </coordinates>
          </LinearRing>
        </innerBoundaryIs>
        <innerBoundaryIs>
          <LinearRing>
            <tessellate>1</tessellate>
            <coordinates>
              99.0026531,18.7676802,0
              99.0026828,18.7675762,0
              99.0027672,18.7674852,0
              99.0026531,18.7676802,0
            </coordinates>
          </LinearRing>
        </innerBoundaryIs>
        <innerBoundaryIs>
          <LinearRing>
            <tessellate>1</tessellate>
            <coordinates>
              99.0025059,18.7681967,0
              99.002613,18.7677489,0
              99.0026531,18.7676802,0
              99.0025059,18.7681967,0
            </coordinates>
          </LinearRing>
        </innerBoundaryIs>
        <innerBoundaryIs>
          <LinearRing>
            <tessellate>1</tessellate>
            <coordinates>
              99.002334,18.7688366,0
              99.0023198,18.7689359,0
              99.002318,18.7688967,0
              99.002334,18.7688366,0
            </coordinates>
          </LinearRing>
        </innerBoundaryIs>
        <innerBoundaryIs>
          <LinearRing>
            <tessellate>1</tessellate>
            <coordinates>
              99.0023258,18.7690629,0
              99.0022965,18.7690999,0
              99.0023198,18.7689359,0
              99.0023258,18.7690629,0
            </coordinates>
          </LinearRing>
        </innerBoundaryIs>
        <innerBoundaryIs>
          <LinearRing>
            <tessellate>1</tessellate>
            <coordinates>
              98.9989128,18.760824,0
              98.9986878,18.7608267,0
              98.9986852,18.7608248,0
              98.9989128,18.760824,0
            </coordinates>
          </LinearRing>
        </innerBoundaryIs>
        <innerBoundaryIs>
          <LinearRing>
            <tessellate>1</tessellate>
            <coordinates>
              98.9986852,18.7608248,0
              98.998618,18.760825,0
              98.9977461,18.7601388,0
              98.9986852,18.7608248,0
            </coordinates>
          </LinearRing>
        </innerBoundaryIs>
        <innerBoundaryIs>
          <LinearRing>
            <tessellate>1</tessellate>
            <coordinates>
              98.9943362,18.7760635,0
              98.9943344,18.7760643,0
              98.994026,18.7756483,0
              98.9943362,18.7760635,0
            </coordinates>
          </LinearRing>
        </innerBoundaryIs>
        <innerBoundaryIs>
          <LinearRing>
            <tessellate>1</tessellate>
            <coordinates>
              98.9937264,18.7752442,0
              98.994026,18.7756483,0
              98.9937212,18.7752402,0
              98.9937264,18.7752442,0
            </coordinates>
          </LinearRing>
        </innerBoundaryIs>
        <innerBoundaryIs>
          <LinearRing>
            <tessellate>1</tessellate>
            <coordinates>
              98.993718,18.775236,0
              98.9937212,18.7752402,0
              98.9933354,18.7749478,0
              98.993718,18.775236,0
            </coordinates>
          </LinearRing>
        </innerBoundaryIs>
        <innerBoundaryIs>
          <LinearRing>
            <tessellate>1</tessellate>
            <coordinates>
              99.0046949,18.764157,0
              99.0045983,18.7646294,0
              99.00457,18.7647282,0
              99.0046958,18.7641418,0
              99.0046949,18.764157,0
            </coordinates>
          </LinearRing>
        </innerBoundaryIs>
        <innerBoundaryIs>
          <LinearRing>
            <tessellate>1</tessellate>
            <coordinates>
              99.002599,18.761397,0
              99.0028742,18.7615502,0
              99.0026467,18.7614261,0
              99.0019045,18.7611765,0
              99.002599,18.761397,0
            </coordinates>
          </LinearRing>
        </innerBoundaryIs>
        <innerBoundaryIs>
          <LinearRing>
            <tessellate>1</tessellate>
            <coordinates>
              99.001225,18.742199,0
              99.0012304,18.7422,0
              98.9958212,18.7440215,0
              98.995824,18.7440199,0
              99.001225,18.742199,0
            </coordinates>
          </LinearRing>
        </innerBoundaryIs>
        <innerBoundaryIs>
          <LinearRing>
            <tessellate>1</tessellate>
            <coordinates>
              99.0024575,18.768399,0
              99.0023358,18.7688297,0
              99.002481,18.768284,0
              99.0025059,18.7681967,0
              99.0024575,18.768399,0
            </coordinates>
          </LinearRing>
        </innerBoundaryIs>
        <innerBoundaryIs>
          <LinearRing>
            <tessellate>1</tessellate>
            <coordinates>
              98.997524,18.759964,0
              98.9977461,18.7601388,0
              98.9975613,18.7600038,0
              98.9922912,18.764384,0
              98.997524,18.759964,0
            </coordinates>
          </LinearRing>
        </innerBoundaryIs>
        <innerBoundaryIs>
          <LinearRing>
            <tessellate>1</tessellate>
            <coordinates>
              98.9921587,18.7740557,0
              98.9933354,18.7749478,0
              98.992141,18.774048,0
              98.9915434,18.7737373,0
              98.9921587,18.7740557,0
            </coordinates>
          </LinearRing>
        </innerBoundaryIs>
        <innerBoundaryIs>
          <LinearRing>
            <tessellate>1</tessellate>
            <coordinates>
              99.004498,18.765064,0
              99.0040398,18.7657331,0
              99.0040321,18.7657363,0
              99.0044588,18.765117,0
              99.00457,18.7647282,0
              99.004498,18.765064,0
            </coordinates>
          </LinearRing>
        </innerBoundaryIs>
        <innerBoundaryIs>
          <LinearRing>
            <tessellate>1</tessellate>
            <coordinates>
              99.0008389,18.7608013,0
              99.0017402,18.7611213,0
              99.0019045,18.7611765,0
              99.000775,18.760818,0
              98.9989128,18.760824,0
              99.0008389,18.7608013,0
            </coordinates>
          </LinearRing>
        </innerBoundaryIs>
        <innerBoundaryIs>
          <LinearRing>
            <tessellate>1</tessellate>
            <coordinates>
              98.990381,18.773133,0
              98.9915434,18.7737373,0
              98.9904018,18.7731466,0
              98.9894201,18.7730907,0
              98.9894199,18.7730905,0
              98.990381,18.773133,0
            </coordinates>
          </LinearRing>
        </innerBoundaryIs>
        <innerBoundaryIs>
          <LinearRing>
            <tessellate>1</tessellate>
            <coordinates>
              99.004187,18.762281,0
              99.004734,18.763073,0
              99.0047271,18.7633416,0
              99.0047271,18.7631209,0
              99.004491,18.7627399,0
              99.0042078,18.76232,0
              99.003601,18.7619548,0
              99.004187,18.762281,0
            </coordinates>
          </LinearRing>
        </innerBoundaryIs>
        <innerBoundaryIs>
          <LinearRing>
            <tessellate>1</tessellate>
            <coordinates>
              99.0024575,18.7688967,0
              99.0026721,18.7686326,0
              99.0029617,18.7683888,0
              99.00328,18.768272,0
              99.003702,18.7682974,0
              99.004106,18.768297,0
              99.0046247,18.7685006,0
              99.004914,18.768895,0
              99.0049037,18.7693031,0
              99.004721,18.769769,0
              99.0042492,18.7700142,0
              99.0036591,18.7700345,0
              99.0029939,18.7699938,0
              99.002744,18.769775,0
              99.002358,18.769745,0
              99.0023258,18.7690629,0
              99.0024575,18.7688967,0
            </coordinates>
          </LinearRing>
        </innerBoundaryIs>
        <innerBoundaryIs>
          <LinearRing>
            <tessellate>1</tessellate>
            <coordinates>
              99.0041179,18.7657007,0
              99.0042145,18.7656499,0
              99.0043486,18.765594,0
              99.0045846,18.7655534,0
              99.004834,18.765549,0
              99.0051586,18.7656144,0
              99.0053732,18.7657312,0
              99.0055449,18.7658277,0
              99.0055556,18.7659902,0
              99.0054751,18.7661731,0
              99.0054054,18.7663001,0
              99.0052981,18.7665134,0
              99.005223,18.7666454,0
              99.0050674,18.7667724,0
              99.0048529,18.766935,0
              99.004662,18.767072,0
              99.0045013,18.7672968,0
              99.004415,18.767454,0
              99.004302,18.767646,0
              99.0040507,18.7677387,0
              99.0036859,18.7676523,0
              99.0033748,18.7675711,0
              99.0032514,18.7673984,0
              99.0032353,18.76718,0
              99.0032568,18.7669463,0
              99.0030851,18.7671546,0
              99.0028954,18.7673468,0
              99.0031441,18.7670784,0
              99.003857,18.766123,0
              99.003981,18.765819,0
              99.0040398,18.7657331,0
              99.0041179,18.7657007,0
            </coordinates>
          </LinearRing>
        </innerBoundaryIs>
        <innerBoundaryIs>
          <LinearRing>
            <tessellate>1</tessellate>
            <coordinates>
              98.9943579,18.7760541,0
              98.9943827,18.776051,0
              98.994424,18.776056,0
              98.9944477,18.7760719,0
              98.994496,18.776102,0
              98.9946003,18.7761838,0
              98.994679,18.776287,0
              98.9947612,18.7763921,0
              98.994875,18.776565,0
              98.9950026,18.7767069,0
              98.9954211,18.7771641,0
              98.9958663,18.7776262,0
              98.9963652,18.7780681,0
              98.9969553,18.7786623,0
              98.9975454,18.779155,0
              98.9979531,18.7796578,0
              98.998334,18.780056,0
              98.998393,18.7802114,0
              98.9985002,18.7805364,0
              98.998591,18.780835,0
              98.998559,18.780977,0
              98.998452,18.7810595,0
              98.998352,18.781055,0
              98.9982588,18.7810189,0
              98.998154,18.780894,0
              98.9980818,18.7806431,0
              98.9979799,18.7804247,0
              98.9978672,18.7802114,0
              98.997687,18.779965,0
              98.9972342,18.7796121,0
              98.9968856,18.7792159,0
              98.9962901,18.7786776,0
              98.995927,18.778167,0
              98.9956303,18.7779157,0
              98.9952923,18.7775043,0
              98.9949544,18.7771387,0
              98.9946248,18.7766525,0
              98.9945605,18.7765307,0
              98.9944398,18.7764126,0
              98.9943432,18.7763224,0
              98.9942989,18.776231,0
              98.9942815,18.7761497,0
              98.9943217,18.7760989,0
              98.994341,18.77607,0
              98.9943362,18.7760635,0
              98.9943579,18.7760541,0
            </coordinates>
          </LinearRing>
        </innerBoundaryIs>
        <innerBoundaryIs>
          <LinearRing>
            <tessellate>1</tessellate>
            <coordinates>
              99.0012389,18.7421971,0
              99.0109915,18.7439246,0
              99.0109834,18.7438915,0
              99.0109164,18.743828,0
              99.0107742,18.7436782,0
              99.0105838,18.7435639,0
              99.010433,18.743448,0
              99.010331,18.743311,0
              99.0104014,18.7431931,0
              99.0104148,18.7430889,0
              99.0104765,18.7430254,0
              99.0106133,18.7430127,0
              99.0108171,18.7430102,0
              99.0111202,18.743,0
              99.0112329,18.7430203,0
              99.0114582,18.7430407,0
              99.0116218,18.743,0
              99.0116003,18.7428679,0
              99.0115628,18.7427435,0
              99.0115038,18.7426368,0
              99.0114501,18.7425073,0
              99.011552,18.7424692,0
              99.011763,18.742442,0
              99.01226,18.742445,0
              99.0130082,18.7425137,0
              99.0139524,18.7426763,0
              99.0147141,18.7430014,0
              99.0153471,18.7434484,0
              99.0156582,18.7437634,0
              99.0160445,18.7441393,0
              99.0162912,18.7445863,0
              99.016291,18.744962,0
              99.016141,18.7452975,0
              99.0157655,18.7455515,0
              99.0154518,18.7455462,0
              99.0151514,18.7455716,0
              99.0148403,18.7455106,0
              99.01438,18.745307,0
              99.0139069,18.7452871,0
              99.0134992,18.7454344,0
              99.0131988,18.7456427,0
              99.0129842,18.7458662,0
              99.0127428,18.7461913,0
              99.0126087,18.7464961,0
              99.012437,18.746806,0
              99.012298,18.7471317,0
              99.0122229,18.747279,0
              99.0121102,18.7474365,0
              99.0120727,18.7475584,0
              99.0119681,18.7477209,0
              99.011842,18.7478022,0
              99.0117159,18.7477946,0
              99.0115684,18.7478098,0
              99.011441,18.747892,0
              99.0113952,18.7482687,0
              99.011414,18.748639,0
              99.0113308,18.7489697,0
              99.0111162,18.7494573,0
              99.0108587,18.7500161,0
              99.0105905,18.7505444,0
              99.0100862,18.7511133,0
              99.0094747,18.7514791,0
              99.009036,18.751717,0
              99.008552,18.7518042,0
              99.0080263,18.7518753,0
              99.0073933,18.7519159,0
              99.0066745,18.7518753,0
              99.0053548,18.751794,0
              99.0041425,18.7519565,0
              99.0031018,18.7519362,0
              99.0023293,18.7521191,0
              99.0017607,18.752302,0
              99.0011599,18.7526982,0
              99.000904,18.753252,0
              99.0006556,18.7538665,0
              99.0007307,18.7545573,0
              99.0009989,18.7549027,0
              99.0018036,18.7552888,0
              99.0027477,18.7556037,0
              99.0031769,18.7557663,0
              99.0037348,18.7556443,0
              99.0044322,18.7553599,0
              99.0049364,18.7551364,0
              99.0052797,18.7550856,0
              99.0056231,18.7551973,0
              99.00599,18.755618,0
              99.006299,18.7558678,0
              99.0068461,18.755939,0
              99.0074255,18.7557764,0
              99.0078761,18.7555021,0
              99.00808,18.7552177,0
              99.0081765,18.7548113,0
              99.0082087,18.7544964,0
              99.008178,18.754166,0
              99.0078976,18.7540087,0
              99.007514,18.753709,0
              99.0074255,18.7532976,0
              99.007642,18.753017,0
              99.0079512,18.7530233,0
              99.009004,18.753332,0
              99.009573,18.753982,0
              99.0094962,18.7546691,0
              99.0091314,18.7554005,0
              99.0088739,18.7564571,0
              99.00889,18.757166,0
              99.009424,18.757468,0
              99.0102686,18.7576355,0
              99.0112986,18.7579606,0
              99.012004,18.758058,0
              99.0129734,18.7582161,0
              99.0132846,18.7582364,0
              99.0137781,18.7582466,0
              99.0142931,18.758272,0
              99.0146364,18.758465,0
              99.0149744,18.7587647,0
              99.0153874,18.7589221,0
              99.0157308,18.7590136,0
              99.0159292,18.7591964,0
              99.0160097,18.7594453,0
              99.0159024,18.7595977,0
              99.0156556,18.759684,0
              99.0154883,18.7597226,0
              99.014394,18.7596616,0
              99.0134927,18.75956,0
              99.012766,18.759269,0
              99.0121,18.759005,0
              99.0107247,18.7588896,0
              99.0099093,18.7589708,0
              99.009051,18.7589708,0
              99.0081712,18.7585645,0
              99.0070125,18.7579956,0
              99.005727,18.757624,0
              99.003717,18.7569197,0
              99.0032395,18.7568181,0
              99.0028533,18.7567622,0
              99.0024778,18.7566504,0
              99.0015229,18.7568841,0
              99.0011152,18.7570162,0
              99.0007021,18.7570009,0
              99.0001954,18.7568626,0
              98.9991225,18.7564968,0
              98.9985003,18.7559686,0
              98.9982428,18.7552168,0
              98.9985003,18.7547698,0
              98.998577,18.7544,0
              98.9985646,18.753632,0
              98.9987148,18.7525754,0
              98.999416,18.752035,0
              99.0002383,18.7515798,0
              99.0026845,18.750828,0
              99.004212,18.750379,0
              99.005753,18.7497104,0
              99.0080489,18.748979,0
              99.009606,18.748506,0
              99.0100785,18.748111,0
              99.0107973,18.7474709,0
              99.0115162,18.7468512,0
              99.0119882,18.746008,0
              99.0123208,18.7452866,0
              99.012352,18.744666,0
              99.0121277,18.7443113,0
              99.0115591,18.7440979,0
              99.011045,18.743937,0
              99.0012304,18.7422,0
              99.0012389,18.7421971,0
            </coordinates>
          </LinearRing>
        </innerBoundaryIs>
      </Polygon>
    </Placemark>
    <Placemark>
      <name>Polygon 6</name>
      <styleUrl>#poly-0288D1-1-99-nodesc</styleUrl>
      <Polygon>
        <outerBoundaryIs>
          <LinearRing>
            <tessellate>1</tessellate>
            <coordinates>
              99.028396,18.774504,0
              99.029276,18.768248,0
              99.029663,18.767618,0
              99.030629,18.766965,0
              99.03123,18.766701,0
              99.031908,18.766165,0
              99.032538,18.76585,0
              99.033418,18.765688,0
              99.034111,18.765752,0
              99.034535,18.765675,0
              99.035071,18.765574,0
              99.0355,18.765492,0
              99.035892,18.765401,0
              99.036353,18.765259,0
              99.037109,18.764953,0
              99.037775,18.764477,0
              99.03815,18.764131,0
              99.038665,18.763776,0
              99.039169,18.763348,0
              99.039114,18.767359,0
              99.038255,18.768383,0
              99.037376,18.769724,0
              99.035337,18.771504,0
              99.035426,18.773885,0
              99.034093,18.773848,0
              99.033342,18.773666,0
              99.031647,18.773454,0
              99.028396,18.774504,0
            </coordinates>
          </LinearRing>
        </outerBoundaryIs>
      </Polygon>
    </Placemark>
    <Placemark>
      <name>Polygon 8</name>
      <styleUrl>#poly-0288D1-1-102-nodesc</styleUrl>
      <Polygon>
        <outerBoundaryIs>
          <LinearRing>
            <tessellate>1</tessellate>
            <coordinates>
              99.029889,18.763781,0
              99.030036,18.762868,0
              99.030221,18.761171,0
              99.030551,18.759698,0
              99.030701,18.758235,0
              99.031166,18.756979,0
              99.031518,18.755753,0
              99.031862,18.755452,0
              99.03287,18.754899,0
              99.034019,18.754466,0
              99.035035,18.754395,0
              99.0357,18.754558,0
              99.036024,18.755001,0
              99.036537,18.756853,0
              99.036988,18.758845,0
              99.037589,18.760084,0
              99.037996,18.761892,0
              99.038322,18.762908,0
              99.037996,18.763355,0
              99.037553,18.763968,0
              99.036888,18.764324,0
              99.036323,18.764269,0
              99.035479,18.764696,0
              99.034649,18.765102,0
              99.033683,18.765204,0
              99.032847,18.765082,0
              99.031817,18.76492,0
              99.031143,18.764828,0
              99.030443,18.764473,0
              99.029889,18.763781,0
            </coordinates>
          </LinearRing>
        </outerBoundaryIs>
      </Polygon>
    </Placemark>
    <Placemark>
      <name>Polygon 14</name>
      <styleUrl>#poly-0288D1-1-112-nodesc</styleUrl>
      <Polygon>
        <outerBoundaryIs>
          <LinearRing>
            <tessellate>1</tessellate>
            <coordinates>
              99.032689,18.75213,0
              99.035907,18.741966,0
              99.036368,18.740534,0
              99.036971,18.738556,0
              99.037314,18.738089,0
              99.037967,18.737638,0
              99.038504,18.737303,0
              99.039265,18.73717,0
              99.039909,18.737333,0
              99.041057,18.737821,0
              99.042132,18.738414,0
              99.042604,18.738414,0
              99.04299,18.738262,0
              99.044587,18.739538,0
              99.044522,18.739822,0
              99.044351,18.740351,0
              99.044286,18.741265,0
              99.044158,18.741976,0
              99.043857,18.74283,0
              99.043256,18.743968,0
              99.042891,18.744968,0
              99.042591,18.746208,0
              99.042398,18.747544,0
              99.042012,18.748804,0
              99.041883,18.749779,0
              99.042291,18.750328,0
              99.042892,18.750592,0
              99.04345,18.750693,0
              99.044394,18.750856,0
              99.045145,18.750693,0
              99.045831,18.750612,0
              99.046733,18.750266,0
              99.047574,18.749883,0
              99.04817,18.750023,0
              99.048492,18.750348,0
              99.048266,18.750794,0
              99.047677,18.750998,0
              99.047064,18.750998,0
              99.046432,18.751018,0
              99.04551,18.751018,0
              99.04479,18.751201,0
              99.043781,18.751323,0
              99.042591,18.751222,0
              99.041454,18.751445,0
              99.040327,18.75177,0
              99.039275,18.753354,0
              99.038278,18.755326,0
              99.038111,18.757015,0
              99.037806,18.759085,0
              99.037677,18.758699,0
              99.037441,18.757683,0
              99.037313,18.756646,0
              99.03725,18.755726,0
              99.037012,18.754432,0
              99.036615,18.754046,0
              99.036212,18.753496,0
              99.03589,18.753318,0
              99.03521,18.753162,0
              99.034888,18.752979,0
              99.034577,18.752786,0
              99.034212,18.752644,0
              99.033604,18.752571,0
              99.033073,18.75251,0
              99.032774,18.7524,0
              99.032689,18.75213,0
            </coordinates>
          </LinearRing>
        </outerBoundaryIs>
      </Polygon>
    </Placemark>
    <Placemark>
      <name>Polygon 18</name>
      <styleUrl>#poly-0288D1-1-97-nodesc</styleUrl>
      <Polygon>
        <outerBoundaryIs>
          <LinearRing>
            <tessellate>1</tessellate>
            <coordinates>
              99.065894,18.72608,0
              99.065937,18.726108,0
              99.068061,18.729356,0
              99.068807,18.73008,0
              99.070572,18.730941,0
              99.071382,18.731787,0
              99.07143,18.732628,0
              99.071022,18.734274,0
              99.070701,18.735168,0
              99.069456,18.735879,0
              99.067911,18.736224,0
              99.066302,18.73655,0
              99.064928,18.737017,0
              99.063898,18.737606,0
              99.062525,18.738582,0
              99.061088,18.74035,0
              99.0601,18.741223,0
              99.059607,18.741569,0
              99.058641,18.741691,0
              99.056345,18.741142,0
              99.054242,18.740247,0
              99.053148,18.739374,0
              99.051603,18.73724,0
              99.050273,18.735391,0
              99.048556,18.733441,0
              99.047655,18.732465,0
              99.046818,18.732323,0
              99.045831,18.732282,0
              99.044951,18.732872,0
              99.044565,18.733684,0
              99.044501,18.735371,0
              99.044801,18.73655,0
              99.044887,18.737117,0
              99.044683,18.73783,0
              99.044587,18.738165,0
              99.044469,18.738572,0
              99.044458,18.738795,0
              99.044469,18.739049,0
              99.044587,18.739538,0
              99.044504,18.739547,0
              99.04299,18.738262,0
              99.043129,18.737896,0
              99.043034,18.737576,0
              99.042476,18.737434,0
              99.042025,18.73719,0
              99.040768,18.736179,0
              99.039492,18.733258,0
              99.038879,18.732298,0
              99.041367,18.723392,0
              99.042129,18.722014,0
              99.042901,18.720262,0
              99.04316,18.718082,0
              99.043427,18.717061,0
              99.043944,18.716198,0
              99.045844,18.714602,0
              99.046347,18.713728,0
              99.046347,18.71255,0
              99.045564,18.711127,0
              99.046319,18.707723,0
              99.049055,18.698588,0
              99.050292,18.686432,0
              99.050908,18.68383,0
              99.052118,18.681309,0
              99.052032,18.680334,0
              99.051882,18.67948,0
              99.051453,18.67765,0
              99.05171,18.676939,0
              99.051635,18.676611,0
              99.053939,18.675849,0
              99.054068,18.675793,0
              99.054164,18.675356,0
              99.054123,18.674917,0
              99.053886,18.674558,0
              99.05305,18.674124,0
              99.051788,18.673984,0
              99.05136,18.673126,0
              99.051616,18.671524,0
              99.052068,18.671206,0
              99.052925,18.670864,0
              99.053075,18.670457,0
              99.053118,18.669949,0
              99.052878,18.669265,0
              99.0524,18.669172,0
              99.052046,18.668948,0
              99.052046,18.668674,0
              99.052507,18.667021,0
              99.051977,18.66645,0
              99.051875,18.666367,0
              99.051676,18.666399,0
              99.051521,18.666509,0
              99.051682,18.666128,0
              99.051617,18.665796,0
              99.060534,18.662587,0
              99.064149,18.660613,0
              99.072613,18.665659,0
              99.077248,18.675254,0
              99.076303,18.68184,0
              99.079728,18.6839,0
              99.080243,18.696421,0
              99.071717,18.720204,0
              99.069142,18.722998,0
              99.068348,18.724289,0
              99.065894,18.72608,0
            </coordinates>
          </LinearRing>
        </outerBoundaryIs>
        <innerBoundaryIs>
          <LinearRing>
            <tessellate>1</tessellate>
            <coordinates>
              99.065883,18.726088,0
              99.065228,18.725642,0
              99.065229,18.725639,0
              99.065894,18.72608,0
              99.065883,18.726088,0
            </coordinates>
          </LinearRing>
        </innerBoundaryIs>
        <innerBoundaryIs>
          <LinearRing>
            <tessellate>1</tessellate>
            <coordinates>
              99.065177,18.725729,0
              99.065108,18.726097,0
              99.064904,18.726433,0
              99.064754,18.726743,0
              99.064545,18.726966,0
              99.064271,18.727073,0
              99.064062,18.727083,0
              99.063826,18.727012,0
              99.063708,18.726814,0
              99.063574,18.726631,0
              99.063493,18.726504,0
              99.063493,18.726362,0
              99.063579,18.726067,0
              99.063892,18.725262,0
              99.063848,18.724498,0
              99.063461,18.723537,0
              99.06352,18.72246,0
              99.063579,18.722257,0
              99.063998,18.720697,0
              99.064094,18.720189,0
              99.064296,18.71911,0
              99.06411,18.718685,0
              99.06374,18.717735,0
              99.063355,18.716775,0
              99.063091,18.716409,0
              99.06241,18.715464,0
              99.061959,18.714493,0
              99.061728,18.714107,0
              99.061498,18.713802,0
              99.061471,18.713467,0
              99.061498,18.713223,0
              99.061691,18.713096,0
              99.061927,18.71304,0
              99.062061,18.713066,0
              99.062319,18.713182,0
              99.062501,18.713314,0
              99.062651,18.713487,0
              99.062796,18.713757,0
              99.063095,18.713908,0
              99.063493,18.714163,0
              99.063912,18.714742,0
              99.064244,18.715078,0
              99.064438,18.715332,0
              99.064664,18.715515,0
              99.064915,18.715504,0
              99.065308,18.715507,0
              99.065709,18.715926,0
              99.065875,18.716104,0
              99.066004,18.716627,0
              99.06602,18.716988,0
              99.065961,18.717562,0
              99.06602,18.718263,0
              99.06602,18.718548,0
              99.066138,18.718649,0
              99.066455,18.718792,0
              99.066674,18.718898,0
              99.066927,18.718903,0
              99.067275,18.718903,0
              99.067501,18.718802,0
              99.067646,18.718634,0
              99.067737,18.718136,0
              99.067704,18.717847,0
              99.067581,18.717394,0
              99.067216,18.716785,0
              99.066943,18.716297,0
              99.0669,18.716063,0
              99.067002,18.715596,0
              99.067254,18.715149,0
              99.067576,18.715032,0
              99.068128,18.714961,0
              99.068547,18.715047,0
              99.069084,18.71523,0
              99.069274,18.715391,0
              99.069513,18.715495,0
              99.069792,18.715515,0
              99.070049,18.715048,0
              99.069921,18.71456,0
              99.069908,18.712618,0
              99.069639,18.710371,0
              99.069149,18.708902,0
              99.068664,18.706846,0
              99.068333,18.705638,0
              99.06859,18.705272,0
              99.069191,18.70519,0
              99.069706,18.705333,0
              99.07066,18.706948,0
              99.071251,18.713544,0
              99.071604,18.714711,0
              99.071463,18.716204,0
              99.069599,18.720994,0
              99.066841,18.724069,0
              99.065815,18.724667,0
              99.065214,18.725632,0
              99.065228,18.725642,0
              99.065177,18.725729,0
            </coordinates>
          </LinearRing>
        </innerBoundaryIs>
      </Polygon>
    </Placemark>
    <Placemark>
      <name>Polygon 22</name>
      <styleUrl>#poly-0288D1-1-99-nodesc</styleUrl>
      <Polygon>
        <outerBoundaryIs>
          <LinearRing>
            <tessellate>1</tessellate>
            <coordinates>
              98.994572,18.79278,0
              98.994561,18.792741,0
              98.994534,18.792571,0
              98.994475,18.792426,0
              98.994545,18.792259,0
              98.994679,18.792223,0
              98.994904,18.792236,0
              98.995014,18.792188,0
              98.994797,18.792378,0
              98.994725,18.79248,0
              98.994604,18.792706,0
              98.994572,18.79278,0
            </coordinates>
          </LinearRing>
        </outerBoundaryIs>
      </Polygon>
    </Placemark>
    <Placemark>
      <name>Polygon 27</name>
      <styleUrl>#poly-0288D1-1-99-nodesc</styleUrl>
      <Polygon>
        <outerBoundaryIs>
          <LinearRing>
            <tessellate>1</tessellate>
            <coordinates>
              98.995094,18.785772,0
              98.99541,18.78648,0
              98.995251,18.786267,0
              98.995094,18.785772,0
            </coordinates>
          </LinearRing>
        </outerBoundaryIs>
      </Polygon>
    </Placemark>
    <Placemark>
      <name>Polygon 40</name>
      <styleUrl>#poly-0288D1-1-99-nodesc</styleUrl>
      <Polygon>
        <outerBoundaryIs>
          <LinearRing>
            <tessellate>1</tessellate>
            <coordinates>
              98.973448,18.741544,0
              98.973573,18.740908,0
              98.973101,18.74042,0
              98.972286,18.737941,0
              98.972286,18.73725,0
              98.972543,18.736885,0
              98.973084,18.73669,0
              98.973444,18.736316,0
              98.977385,18.736222,0
              98.978309,18.732371,0
              98.977393,18.72774,0
              98.976105,18.724204,0
              98.976105,18.722172,0
              98.977095,18.719747,0
              98.986256,18.719881,0
              98.986197,18.721006,0
              98.986087,18.720981,0
              98.985948,18.720996,0
              98.985822,18.721082,0
              98.985725,18.721245,0
              98.985524,18.721559,0
              98.985585,18.722231,0
              98.985521,18.723613,0
              98.985564,18.725015,0
              98.985456,18.725889,0
              98.985156,18.726783,0
              98.984537,18.727574,0
              98.984212,18.728714,0
              98.983997,18.730258,0
              98.983933,18.73164,0
              98.983931,18.732621,0
              98.983942,18.733028,0
              98.983904,18.7335,0
              98.983872,18.733658,0
              98.983647,18.733917,0
              98.983282,18.73443,0
              98.982788,18.73509,0
              98.982563,18.73552,0
              98.982198,18.735649,0
              98.981758,18.735817,0
              98.981243,18.735939,0
              98.980503,18.735883,0
              98.980128,18.735913,0
              98.979618,18.736112,0
              98.979189,18.736406,0
              98.978915,18.736609,0
              98.978846,18.736985,0
              98.978819,18.737366,0
              98.978937,18.737763,0
              98.979087,18.738072,0
              98.979323,18.738405,0
              98.979602,18.738829,0
              98.979928,18.739228,0
              98.980079,18.739622,0
              98.980342,18.739998,0
              98.980475,18.740234,0
              98.980846,18.740465,0
              98.981254,18.740719,0
              98.981587,18.740861,0
              98.982043,18.741085,0
              98.982381,18.741291,0
              98.982628,18.741697,0
              98.98266,18.741989,0
              98.982751,18.742345,0
              98.982933,18.742898,0
              98.983089,18.743213,0
              98.9834,18.743544,0
              98.983597,18.743719,0
              98.983598,18.743899,0
              98.983588,18.744186,0
              98.983695,18.744374,0
              98.983851,18.744572,0
              98.98392,18.744981,0
              98.983985,18.745654,0
              98.983946,18.745801,0
              98.983668,18.745829,0
              98.983322,18.745887,0
              98.982944,18.745928,0
              98.982558,18.745882,0
              98.982174,18.745852,0
              98.98189,18.745793,0
              98.981673,18.745816,0
              98.98158,18.745877,0
              98.981355,18.745912,0
              98.979933,18.745425,0
              98.979067,18.744975,0
              98.977597,18.744107,0
              98.976374,18.743386,0
              98.975341,18.742761,0
              98.975032,18.742514,0
              98.974965,18.74241,0
              98.974882,18.742225,0
              98.974837,18.742031,0
              98.974912,18.741824,0
              98.974976,18.741778,0
              98.97526,18.741653,0
              98.975529,18.741544,0
              98.9758,18.741491,0
              98.976073,18.74141,0
              98.976237,18.741331,0
              98.97635,18.741274,0
              98.976427,18.741166,0
              98.976424,18.741074,0
              98.976333,18.741011,0
              98.976214,18.740983,0
              98.97561,18.741036,0
              98.97498,18.741175,0
              98.974497,18.741258,0
              98.9741,18.74142,0
              98.973864,18.74142,0
              98.973448,18.741544,0
            </coordinates>
          </LinearRing>
        </outerBoundaryIs>
      </Polygon>
    </Placemark>
    <Placemark>
      <name>Polygon 41</name>
      <styleUrl>#poly-0288D1-1-99-nodesc</styleUrl>
      <Polygon>
        <outerBoundaryIs>
          <LinearRing>
            <tessellate>1</tessellate>
            <coordinates>
              98.986256,18.719881,0
              98.987512,18.719987,0
              98.987248,18.72019,0
              98.987254,18.720637,0
              98.987608,18.720982,0
              98.987887,18.721816,0
              98.988301,18.722438,0
              98.988628,18.723706,0
              98.988692,18.724346,0
              98.988831,18.725555,0
              98.988848,18.726164,0
              98.988797,18.726393,0
              98.988574,18.726538,0
              98.988413,18.726622,0
              98.988526,18.726983,0
              98.988831,18.727506,0
              98.989093,18.728199,0
              98.989035,18.728471,0
              98.988713,18.729223,0
              98.988424,18.729822,0
              98.988115,18.730408,0
              98.987995,18.731093,0
              98.987962,18.731926,0
              98.988834,18.733456,0
              98.989199,18.73429,0
              98.989336,18.735695,0
              98.9894,18.736092,0
              98.98939,18.73701,0
              98.98984,18.737463,0
              98.990422,18.738333,0
              98.99058,18.739333,0
              98.99057,18.739963,0
              98.990323,18.740887,0
              98.990087,18.741649,0
              98.989915,18.742147,0
              98.989692,18.743109,0
              98.989853,18.74384,0
              98.990272,18.74447,0
              98.984549,18.745632,0
              98.984304,18.74485,0
              98.984218,18.744179,0
              98.984184,18.743557,0
              98.983875,18.743163,0
              98.983446,18.742157,0
              98.983092,18.741283,0
              98.982961,18.741007,0
              98.982652,18.740714,0
              98.982255,18.740481,0
              98.981686,18.740278,0
              98.981278,18.740176,0
              98.98101,18.739841,0
              98.980731,18.739444,0
              98.98071,18.739048,0
              98.980838,18.738564,0
              98.981074,18.738286,0
              98.981952,18.737745,0
              98.983515,18.73677,0
              98.984197,18.735756,0
              98.984677,18.734819,0
              98.985023,18.733643,0
              98.985042,18.732848,0
              98.984787,18.731824,0
              98.984699,18.730806,0
              98.984763,18.729658,0
              98.985052,18.728611,0
              98.985632,18.727595,0
              98.986718,18.725982,0
              98.98675,18.725636,0
              98.986855,18.723896,0
              98.986505,18.723347,0
              98.986428,18.722486,0
              98.986483,18.721193,0
              98.986197,18.721006,0
              98.986256,18.719881,0
            </coordinates>
          </LinearRing>
        </outerBoundaryIs>
      </Polygon>
    </Placemark>
    <Placemark>
      <name>Polygon 42</name>
      <styleUrl>#poly-0288D1-1-102-nodesc</styleUrl>
      <Polygon>
        <outerBoundaryIs>
          <LinearRing>
            <tessellate>1</tessellate>
            <coordinates>
              98.989319,18.720902,0
              98.989832,18.721067,0
              98.99086,18.720997,0
              98.991825,18.720855,0
              98.992662,18.720987,0
              98.993338,18.721159,0
              98.993918,18.721495,0
              98.994422,18.721952,0
              98.994666,18.722446,0
              98.994776,18.723202,0
              98.994258,18.72395,0
              98.993615,18.724661,0
              98.99307,18.725153,0
              98.992235,18.725985,0
              98.992177,18.726774,0
              98.992222,18.727784,0
              98.992598,18.728313,0
              98.993293,18.728807,0
              98.994452,18.729193,0
              98.995031,18.729477,0
              98.997241,18.72968,0
              98.997391,18.730148,0
              98.997211,18.730731,0
              98.996246,18.732062,0
              98.995331,18.733399,0
              98.995224,18.734131,0
              98.995353,18.734903,0
              98.995774,18.735517,0
              98.995975,18.736244,0
              98.996043,18.736706,0
              98.995878,18.737026,0
              98.995602,18.737335,0
              98.994419,18.737982,0
              98.99396,18.738676,0
              98.993818,18.73918,0
              98.993982,18.739743,0
              98.994314,18.740261,0
              98.994325,18.7408,0
              98.994325,18.741115,0
              98.994054,18.741832,0
              98.993572,18.742899,0
              98.993765,18.74363,0
              98.993529,18.743864,0
              98.990992,18.744378,0
              98.990613,18.743675,0
              98.990377,18.743147,0
              98.990338,18.742448,0
              98.99057,18.741826,0
              98.990806,18.741369,0
              98.990995,18.741038,0
              98.991043,18.740804,0
              98.990952,18.74051,0
              98.991128,18.740148,0
              98.99116,18.739936,0
              98.99116,18.739398,0
              98.991128,18.738778,0
              98.991042,18.738504,0
              98.990881,18.738035,0
              98.990699,18.73761,0
              98.990506,18.737437,0
              98.990227,18.737254,0
              98.990034,18.736807,0
              98.989937,18.736228,0
              98.990077,18.735364,0
              98.989937,18.734836,0
              98.989684,18.734403,0
              98.989626,18.733942,0
              98.989336,18.733373,0
              98.989165,18.732987,0
              98.98895,18.732499,0
              98.988746,18.732021,0
              98.988772,18.731416,0
              98.988778,18.731026,0
              98.988992,18.730377,0
              98.989175,18.730121,0
              98.989315,18.729644,0
              98.989401,18.729115,0
              98.989433,18.728394,0
              98.989261,18.727845,0
              98.98909,18.727419,0
              98.989014,18.727104,0
              98.989143,18.726606,0
              98.989358,18.726118,0
              98.989401,18.725722,0
              98.989415,18.72523,0
              98.989272,18.724939,0
              98.989218,18.724401,0
              98.989218,18.723964,0
              98.989025,18.723476,0
              98.989004,18.722877,0
              98.988886,18.72243,0
              98.988922,18.722141,0
              98.989094,18.721897,0
              98.989287,18.721664,0
              98.989351,18.721308,0
              98.989319,18.720902,0
            </coordinates>
          </LinearRing>
        </outerBoundaryIs>
      </Polygon>
    </Placemark>
    <Placemark>
      <name>Polygon 44</name>
      <styleUrl>#poly-0288D1-1-99-nodesc</styleUrl>
      <Polygon>
        <outerBoundaryIs>
          <LinearRing>
            <tessellate>1</tessellate>
            <coordinates>
              98.977139,18.719569,0
              98.978126,18.717251,0
              98.978031,18.715691,0
              98.977715,18.713378,0
              98.976342,18.711488,0
              98.975076,18.707748,0
              98.974603,18.70506,0
              98.976125,18.700334,0
              98.977243,18.699415,0
              98.979518,18.697728,0
              98.98147,18.695878,0
              98.983487,18.693759,0
              98.983488,18.692748,0
              98.983229,18.69193,0
              98.985881,18.691971,0
              98.985661,18.692067,0
              98.985161,18.692325,0
              98.98476,18.692738,0
              98.984474,18.69329,0
              98.98431,18.693827,0
              98.984148,18.694374,0
              98.984052,18.694892,0
              98.984073,18.695594,0
              98.98402,18.696163,0
              98.983959,18.696705,0
              98.983776,18.697366,0
              98.983451,18.698023,0
              98.983172,18.69851,0
              98.982957,18.69914,0
              98.982807,18.699649,0
              98.982629,18.700191,0
              98.982442,18.701132,0
              98.982071,18.701674,0
              98.981691,18.702433,0
              98.98152,18.703205,0
              98.981502,18.703748,0
              98.981521,18.704396,0
              98.981524,18.705282,0
              98.981534,18.706034,0
              98.981692,18.706997,0
              98.981606,18.707788,0
              98.981648,18.708246,0
              98.981609,18.708646,0
              98.98153,18.70914,0
              98.981498,18.709801,0
              98.981348,18.710471,0
              98.981541,18.711162,0
              98.981724,18.71163,0
              98.982045,18.712158,0
              98.982399,18.712473,0
              98.983054,18.712808,0
              98.983494,18.713195,0
              98.984034,18.713503,0
              98.984213,18.713845,0
              98.984438,18.71419,0
              98.98459,18.7146,0
              98.98491,18.715196,0
              98.985146,18.715745,0
              98.985361,18.716385,0
              98.985586,18.716954,0
              98.985564,18.717249,0
              98.985525,18.71793,0
              98.985504,18.718515,0
              98.985558,18.718896,0
              98.985788,18.71918,0
              98.986234,18.719206,0
              98.986432,18.718972,0
              98.986348,18.718408,0
              98.986498,18.717554,0
              98.986605,18.716759,0
              98.986412,18.716152,0
              98.986266,18.715283,0
              98.985811,18.714668,0
              98.985253,18.713875,0
              98.98462,18.712654,0
              98.984109,18.712042,0
              98.983439,18.711483,0
              98.982971,18.71107,0
              98.982619,18.710337,0
              98.982559,18.709562,0
              98.982639,18.708875,0
              98.982979,18.707787,0
              98.983364,18.707062,0
              98.983685,18.706544,0
              98.983773,18.705827,0
              98.983964,18.705066,0
              98.983905,18.704363,0
              98.983858,18.703305,0
              98.983857,18.702596,0
              98.984012,18.702249,0
              98.984438,18.701458,0
              98.984792,18.701,0
              98.985124,18.700543,0
              98.985531,18.699744,0
              98.985983,18.698714,0
              98.986079,18.698176,0
              98.986175,18.697617,0
              98.986179,18.697117,0
              98.986014,18.696875,0
              98.985778,18.696499,0
              98.985591,18.695988,0
              98.985495,18.695785,0
              98.985521,18.6953,0
              98.985614,18.694802,0
              98.985649,18.6945,0
              98.985836,18.693932,0
              98.986089,18.693582,0
              98.986385,18.693112,0
              98.986486,18.692729,0
              98.986565,18.692361,0
              98.986276,18.692122,0
              98.985963,18.691936,0
              98.987463,18.69219,0
              98.987355,18.692434,0
              98.987252,18.692742,0
              98.987109,18.693003,0
              98.986636,18.693531,0
              98.986437,18.693881,0
              98.98625,18.694416,0
              98.986025,18.694995,0
              98.985955,18.695267,0
              98.986025,18.695605,0
              98.986288,18.696334,0
              98.98654,18.69721,0
              98.986888,18.697838,0
              98.986754,18.69847,0
              98.986652,18.699155,0
              98.986244,18.699887,0
              98.985965,18.700273,0
              98.98575,18.701066,0
              98.986041,18.701995,0
              98.985553,18.703857,0
              98.985032,18.705446,0
              98.98448,18.706214,0
              98.984044,18.707383,0
              98.983729,18.708054,0
              98.983487,18.708657,0
              98.98317,18.709378,0
              98.983128,18.709934,0
              98.983343,18.710452,0
              98.983626,18.710811,0
              98.983979,18.711143,0
              98.984544,18.711783,0
              98.985117,18.712203,0
              98.985488,18.712718,0
              98.98624,18.713744,0
              98.986776,18.714608,0
              98.987542,18.715313,0
              98.988621,18.715827,0
              98.989237,18.716451,0
              98.989516,18.71706,0
              98.989688,18.717772,0
              98.988615,18.719215,0
              98.988439,18.719648,0
              98.988529,18.719946,0
              98.977139,18.719569,0
            </coordinates>
          </LinearRing>
        </outerBoundaryIs>
      </Polygon>
    </Placemark>
    <Placemark>
      <name>Polygon 45</name>
      <styleUrl>#poly-0288D1-1-97-nodesc</styleUrl>
      <Polygon>
        <outerBoundaryIs>
          <LinearRing>
            <tessellate>1</tessellate>
            <coordinates>
              98.987463,18.69219,0
              98.985963,18.691936,0
              98.983229,18.69193,0
              98.981593,18.689757,0
              98.975671,18.686586,0
              98.972666,18.683984,0
              98.969062,18.68187,0
              98.967002,18.677155,0
              98.965376,18.672538,0
              98.965252,18.671063,0
              98.965586,18.667682,0
              98.964198,18.664796,0
              98.961909,18.662749,0
              98.958734,18.661448,0
              98.958133,18.659252,0
              98.958466,18.656723,0
              98.950296,18.64805,0
              98.950151,18.645916,0
              98.950999,18.644646,0
              98.952163,18.641849,0
              98.953713,18.639897,0
              98.953226,18.63686,0
              98.951342,18.633952,0
              98.9491,18.63323,0
              98.947708,18.631614,0
              98.947389,18.627914,0
              98.94858,18.626213,0
              98.949025,18.624639,0
              98.949186,18.623879,0
              98.94903,18.623549,0
              98.948773,18.622634,0
              98.9488,18.621032,0
              98.948923,18.620194,0
              98.950082,18.619442,0
              98.95175,18.618643,0
              98.952887,18.617806,0
              98.954052,18.616757,0
              98.955403,18.61572,0
              98.957141,18.61452,0
              98.958462,18.613354,0
              98.95756,18.612134,0
              98.955339,18.611755,0
              98.953386,18.611958,0
              98.95182,18.612202,0
              98.948949,18.612853,0
              98.944889,18.614053,0
              98.942915,18.614561,0
              98.940914,18.614431,0
              98.939798,18.613414,0
              98.939653,18.611979,0
              98.941241,18.610535,0
              98.944132,18.605849,0
              98.944009,18.60419,0
              98.94203,18.603124,0
              98.937395,18.605808,0
              98.933918,18.606947,0
              98.932078,18.606447,0
              98.931483,18.605438,0
              98.930984,18.60238,0
              98.932315,18.597926,0
              98.933575,18.595518,0
              98.934996,18.594977,0
              98.941004,18.590747,0
              98.947083,18.588402,0
              98.957136,18.589986,0
              98.963622,18.595038,0
              98.967908,18.59987,0
              98.969522,18.603885,0
              98.969071,18.60604,0
              98.965719,18.610486,0
              98.966819,18.61446,0
              98.967591,18.61568,0
              98.968428,18.617042,0
              98.967118,18.617689,0
              98.966862,18.617632,0
              98.965701,18.617649,0
              98.96521,18.617794,0
              98.964952,18.618181,0
              98.964458,18.619299,0
              98.964114,18.620129,0
              98.963617,18.621113,0
              98.963364,18.6218,0
              98.962828,18.622532,0
              98.962313,18.622919,0
              98.961841,18.623366,0
              98.961326,18.623813,0
              98.960746,18.62424,0
              98.960038,18.625176,0
              98.95954,18.625912,0
              98.959008,18.626884,0
              98.958644,18.627738,0
              98.958386,18.628653,0
              98.958062,18.629564,0
              98.957695,18.630223,0
              98.957764,18.630808,0
              98.957635,18.631072,0
              98.957141,18.631744,0
              98.956603,18.63237,0
              98.955768,18.633004,0
              98.955144,18.633794,0
              98.954672,18.634485,0
              98.954373,18.63581,0
              98.954524,18.636379,0
              98.954781,18.637132,0
              98.955146,18.637965,0
              98.955232,18.63888,0
              98.955189,18.63949,0
              98.95506,18.640446,0
              98.955016,18.641398,0
              98.955082,18.642011,0
              98.955124,18.642804,0
              98.955189,18.643252,0
              98.955232,18.643943,0
              98.955228,18.644679,0
              98.955275,18.64496,0
              98.955382,18.645264,0
              98.955768,18.645448,0
              98.956133,18.645448,0
              98.95656,18.645586,0
              98.956927,18.645854,0
              98.957206,18.64624,0
              98.957635,18.646362,0
              98.958364,18.646769,0
              98.959137,18.647094,0
              98.960038,18.647155,0
              98.960723,18.647213,0
              98.96126,18.646928,0
              98.96154,18.646525,0
              98.962161,18.646074,0
              98.962526,18.645912,0
              98.963084,18.645871,0
              98.963428,18.646017,0
              98.963858,18.646322,0
              98.964062,18.646769,0
              98.964212,18.647257,0
              98.964373,18.647603,0
              98.964491,18.64805,0
              98.964673,18.648456,0
              98.965027,18.648934,0
              98.965456,18.649371,0
              98.966014,18.649737,0
              98.966776,18.650063,0
              98.967473,18.650337,0
              98.967761,18.650669,0
              98.967902,18.651039,0
              98.968074,18.651445,0
              98.968235,18.651821,0
              98.968319,18.652214,0
              98.968686,18.652665,0
              98.968975,18.653102,0
              98.969576,18.653224,0
              98.97053,18.653453,0
              98.971366,18.653515,0
              98.971899,18.654796,0
              98.971325,18.654962,0
              98.970747,18.655162,0
              98.970275,18.655588,0
              98.969127,18.655792,0
              98.968268,18.656849,0
              98.967614,18.657896,0
              98.967786,18.658659,0
              98.968902,18.661403,0
              98.969975,18.663761,0
              98.970854,18.665987,0
              98.971477,18.66803,0
              98.972671,18.671832,0
              98.973005,18.6737,0
              98.973273,18.674096,0
              98.973745,18.674564,0
              98.97455,18.674899,0
              98.975439,18.675329,0
              98.976685,18.675682,0
              98.978122,18.676221,0
              98.978949,18.676394,0
              98.980311,18.676902,0
              98.981577,18.677329,0
              98.982843,18.677715,0
              98.984013,18.678081,0
              98.985021,18.678579,0
              98.985718,18.678934,0
              98.986211,18.679171,0
              98.986534,18.679686,0
              98.986931,18.68111,0
              98.987296,18.682644,0
              98.986921,18.687,0
              98.986808,18.687711,0
              98.986802,18.688026,0
              98.986856,18.688549,0
              98.986926,18.688793,0
              98.987124,18.68925,0
              98.987424,18.689916,0
              98.98758,18.690551,0
              98.987655,18.691115,0
              98.987724,18.691523,0
              98.98758,18.691862,0
              98.987463,18.69219,0
            </coordinates>
          </LinearRing>
        </outerBoundaryIs>
      </Polygon>
    </Placemark>
  </Document>
</kml>
